date_key,year,month,dom_inbound,dom_outbound,dom_total,intl_inbound,intl_outbound,intl_total,total_inbound,total_outbound,total_pax
2009-01-01,2009,1,130359,138023,268382,18537,16984,35521,148896,155007,303903
2009-02-01,2009,2,102988,106588,209576,15352,14234,29586,118340,120822,239162
2009-03-01,2009,3,118938,118160,237098,18198,17539,35737,137136,135699,272835
2009-04-01,2009,4,128098,127789,255887,16231,15879,32110,144329,143668,287997
2009-05-01,2009,5,120353,121254,241607,14333,15001,29334,134686,136255,270941
2009-06-01,2009,6,126032,121247,247279,14746,14498,29244,140778,135745,276523
2009-07-01,2009,7,155297,153463,308760,17755,16377,34132,173052,169840,342892
2009-08-01,2009,8,142390,147829,290219,18813,19954,38767,161203,167783,328986
2009-09-01,2009,9,141266,135231,276497,18699,18824,37523,159965,154055,314020
2009-10-01,2009,10,144382,145780,290162,18559,17194,35753,162941,162974,325915
2009-11-01,2009,11,130274,131348,261622,16111,16589,32700,146385,147937,294322
2009-12-01,2009,12,124533,121771,246304,18047,16349,34396,142580,138120,280700
2010-01-01,2010,1,115618,122164,237782,16968,16811,33779,132586,138975,271561
2010-02-01,2010,2,109475,113285,222760,18708,15744,34452,128183,129029,257212
2010-03-01,2010,3,117633,114623,232256,18641,18119,36760,136274,132742,269016
2010-04-01,2010,4,123075,126177,249252,19035,19013,38048,142110,145190,287300
2010-05-01,2010,5,120298,118481,238779,16586,18067,34653,136884,136548,273432
2010-06-01,2010,6,138996,129471,268467,17905,18512,36417,156901,147983,304884
2010-07-01,2010,7,159579,160532,320111,24341,20546,44887,183920,181078,364998
2010-08-01,2010,8,149446,153659,303105,24728,27474,52202,174174,181133,355307
2010-09-01,2010,9,155627,146363,301990,24691,24656,49347,180318,171019,351337
2010-10-01,2010,10,155810,161684,317494,23636,21613,45249,179446,183297,362743
2010-11-01,2010,11,137290,140552,277842,22274,22039,44313,159564,162591,322155
2010-12-01,2010,12,145414,138845,284259,22953,22813,45766,168367,161658,330025
2011-01-01,2011,1,129363,135005,264368,22107,22050,44157,151470,157055,308525
2011-02-01,2011,2,107247,110367,217614,18556,16331,34887,125803,126698,252501
2011-03-01,2011,3,120947,121066,242013,19990,19163,39153,140937,140229,281166
2011-04-01,2011,4,138443,134419,272862,18519,18859,37378,156962,153278,310240
2011-05-01,2011,5,130729,130933,261662,17356,18504,35860,148085,149437,297522
2011-06-01,2011,6,146939,138109,285048,19085,18693,37778,166024,156802,322826
2011-07-01,2011,7,168361,169448,337809,26916,22192,49108,195277,191640,386917
2011-08-01,2011,8,155585,161361,316946,25287,27519,52806,180872,188880,369752
2011-09-01,2011,9,152813,144176,296989,23082,24708,47790,175895,168884,344779
2011-10-01,2011,10,152406,159147,311553,23564,21727,45291,175970,180874,356844
2011-11-01,2011,11,136771,140387,277158,19625,19528,39153,156396,159915,316311
2011-12-01,2011,12,141033,136042,277075,20453,20258,40711,161486,156300,317786
2012-01-01,2012,1,137858,145152,283010,20310,19523,39833,158168,164675,322843
2012-02-01,2012,2,109778,114481,224259,19335,17247,36582,129113,131728,260841
2012-03-01,2012,3,129302,127120,256422,20417,20853,41270,149719,147973,297692
2012-04-01,2012,4,143393,143788,287181,19108,19012,38120,162501,162800,325301
2012-05-01,2012,5,137338,134226,271564,17032,18281,35313,154370,152507,306877
2012-06-01,2012,6,154180,144376,298556,18641,19582,38223,172821,163958,336779
2012-07-01,2012,7,174535,179859,354394,24553,20007,44560,199088,199866,398954
2012-08-01,2012,8,161718,168050,329768,25790,27104,52894,187508,195154,382662
2012-09-01,2012,9,162460,154247,316707,22772,24224,46996,185232,178471,363703
2012-10-01,2012,10,166184,177593,343777,23142,20398,43540,189326,197991,387317
2012-11-01,2012,11,151728,157888,309616,23103,23068,46171,174831,180956,355787
2012-12-01,2012,12,150197,143744,293941,23186,24671,47857,173383,168415,341798
2013-01-01,2013,1,139922,152258,292180,23084,21479,44563,163006,173737,336743
2013-02-01,2013,2,123938,128914,252852,21829,20189,42018,145767,149103,294870
2013-03-01,2013,3,133590,128582,262172,21533,21190,42723,155123,149772,304895
2013-04-01,2013,4,144224,151242,295466,18953,18806,37759,163177,170048,333225
2013-05-01,2013,5,136268,134823,271091,15953,17390,33343,152221,152213,304434
2013-06-01,2013,6,165711,152438,318149,16920,18395,35315,182631,170833,353464
2013-07-01,2013,7,184689,193806,378495,24150,19409,43559,208839,213215,422054
2013-08-01,2013,8,175719,181971,357690,24696,27564,52260,200415,209535,409950
2013-09-01,2013,9,174335,166530,340865,20101,21374,41475,194436,187904,382340
2013-10-01,2013,10,171668,182915,354583,22144,18929,41073,193812,201844,395656
2013-11-01,2013,11,150984,155655,306639,17798,18220,36018,168782,173875,342657
2013-12-01,2013,12,165079,159070,324149,20333,21652,41985,185412,180722,366134
2014-01-01,2014,1,160822,172757,333579,23911,20221,44132,184733,192978,377711
2014-02-01,2014,2,126598,135121,261719,20129,19117,39246,146727,154238,300965
2014-03-01,2014,3,135222,137603,272825,19065,18792,37857,154287,156395,310682
2014-04-01,2014,4,156096,155713,311809,14670,16394,31064,170766,172107,342873
2014-05-01,2014,5,140494,140629,281123,13715,15252,28967,154209,155881,310090
2014-06-01,2014,6,157186,146090,303276,15273,16675,31948,172459,162765,335224
2014-07-01,2014,7,190882,193790,384672,23638,18074,41712,214520,211864,426384
2014-08-01,2014,8,176583,183251,359834,23182,26286,49468,199765,209537,409302
2014-09-01,2014,9,176654,165752,342406,19242,22088,41330,195896,187840,383736
2014-10-01,2014,10,175380,184351,359731,21715,18589,40304,197095,202940,400035
2014-11-01,2014,11,154640,159052,313692,16906,17259,34165,171546,176311,347857
2014-12-01,2014,12,171023,161710,332733,19374,21343,40717,190397,183053,373450
2015-01-01,2015,1,152476,165203,317679,22204,20752,42956,174680,185955,360635
2015-02-01,2015,2,140012,144177,284189,24375,20661,45036,164387,164838,329225
2015-03-01,2015,3,142490,140180,282670,19341,21334,40675,161831,161514,323345
2015-04-01,2015,4,155106,159990,315096,18491,19824,38315,173597,179814,353411
2015-05-01,2015,5,145872,144667,290539,17628,19137,36765,163500,163804,327304
2015-06-01,2015,6,166490,152862,319352,17394,19542,36936,183884,172404,356288
2015-07-01,2015,7,192616,197402,390018,28199,23289,51488,220815,220691,441506
2015-08-01,2015,8,181781,189008,370789,27312,30336,57648,209093,219344,428437
2015-09-01,2015,9,180672,171210,351882,23846,26196,50042,204518,197406,401924
2015-10-01,2015,10,178571,187352,365923,25590,23096,48686,204161,210448,414609
2015-11-01,2015,11,165109,167707,332816,21836,23067,44903,186945,190774,377719
2015-12-01,2015,12,182390,171966,354356,24899,27384,52283,207289,199350,406639
2016-01-01,2016,1,166392,180143,346535,28354,25600,53954,194746,205743,400489
2016-02-01,2016,2,147359,150684,298043,29128,28700,57828,176487,179384,355871
2016-03-01,2016,3,161725,158261,319986,26429,29816,56245,188154,188077,376231
2016-04-01,2016,4,158962,163293,322255,25976,25867,51843,184938,189160,374098
2016-05-01,2016,5,153667,154045,307712,18986,22772,41758,172653,176817,349470
2016-06-01,2016,6,177835,162796,340631,20267,23078,43345,198102,185874,383976
2016-07-01,2016,7,205259,208746,414005,28946,24878,53824,234205,233624,467829
2016-08-01,2016,8,189152,195768,384920,28342,33282,61624,217494,229050,446544
2016-09-01,2016,9,191670,182330,374000,27185,29632,56817,218855,211962,430817
2016-10-01,2016,10,190492,197416,387908,27703,26910,54613,218195,224326,442521
2016-11-01,2016,11,171693,174915,346608,23821,26864,50685,195514,201779,397293
2016-12-01,2016,12,188179,177439,365618,28437,31320,59757,216616,208759,425375
2017-01-01,2017,1,179645,190243,369888,31070,29762,60832,210715,220005,430720
2017-02-01,2017,2,136709,142652,279361,24322,24762,49084,161031,167414,328445
2017-03-01,2017,3,159059,158396,317455,27174,30646,57820,186233,189042,375275
2017-04-01,2017,4,181848,180316,362164,24815,27684,52499,206663,208000,414663
2017-05-01,2017,5,155382,157929,313311,19798,24128,43926,175180,182057,357237
2017-06-01,2017,6,173798,161089,334887,22086,24497,46583,195884,185586,381470
2017-07-01,2017,7,208892,213575,422467,31200,26249,57449,240092,239824,479916
2017-08-01,2017,8,190495,196881,387376,30565,36935,67500,221060,233816,454876
2017-09-01,2017,9,192190,182477,374667,27687,28833,56520,219877,211310,431187
2017-10-01,2017,10,193857,204903,398760,27636,27173,54809,221493,232076,453569
2017-11-01,2017,11,174737,176302,351039,24211,27170,51381,198948,203472,402420
2017-12-01,2017,12,187915,179021,366936,29556,34214,63770,217471,213235,430706
2018-01-01,2018,1,174815,189015,363830,33610,29869,63479,208425,218884,427309
2018-02-01,2018,2,148120,153832,301952,29756,28672,58428,177876,182504,360380
2018-03-01,2018,3,166498,160548,327046,28706,30677,59383,195204,191225,386429
2018-04-01,2018,4,169060,177203,346263,24471,25518,49989,193531,202721,396252
2018-05-01,2018,5,160164,161252,321416,20491,23509,44000,180655,184761,365416
2018-06-01,2018,6,172358,162744,335102,22089,23370,45459,194447,186114,380561
2018-07-01,2018,7,210462,214490,424952,32402,27031,59433,242864,241521,484385
2018-08-01,2018,8,196958,203255,400213,33261,36904,70165,230219,240159,470378
2018-09-01,2018,9,186993,181215,368208,26298,27264,53562,213291,208479,421770
2018-10-01,2018,10,191602,202568,394170,28446,26124,54570,220048,228692,448740
2018-11-01,2018,11,169838,173124,342962,22546,22310,44856,192384,195434,387818
2018-12-01,2018,12,182221,174912,357133,28415,30812,59227,210636,205724,416360
2019-01-01,2019,1,165466,182593,348059,35119,28466,63585,200585,211059,411644
2019-02-01,2019,2,137677,144222,281899,30795,25815,56610,168472,170037,338509
2019-03-01,2019,3,148353,148820,297173,27643,27018,54661,175996,175838,351834
2019-04-01,2019,4,174165,174537,348702,26308,26781,53089,200473,201318,401791
2019-05-01,2019,5,155803,156734,312537,21257,24427,45684,177060,181161,358221
2019-06-01,2019,6,165242,156860,322102,22586,22671,45257,187828,179531,367359
2019-07-01,2019,7,202599,207474,410073,32703,26768,59471,235302,234242,469544
2019-08-01,2019,8,186770,193366,380136,31853,35300,67153,218623,228666,447289
2019-09-01,2019,9,179272,175399,354671,27488,27903,55391,206760,203302,410062
2019-10-01,2019,10,186674,198083,384757,29088,24945,54033,215762,223028,438790
2019-11-01,2019,11,166611,170095,336706,21997,22149,44146,188608,192244,380852
2019-12-01,2019,12,178108,171434,349542,25408,27336,52744,203516,198770,402286
2020-01-01,2020,1,167386,180829,348215,28638,24465,53103,196024,205294,401318
2020-02-01,2020,2,112318,121118,233436,24070,19120,43190,136388,140238,276626
2020-03-01,2020,3,87371,93860,181231,10976,10079,21055,98347,103939,202286
2020-04-01,2020,4,3459,3967,7426,30,24,54,3489,3991,7480
2020-05-01,2020,5,4457,4324,8781,37,55,92,4494,4379,8873
2020-06-01,2020,6,13751,12639,26390,102,144,246,13853,12783,26636
2020-07-01,2020,7,54570,49769,104339,53,72,125,54623,49841,104464
2020-08-01,2020,8,47105,50717,97822,79,58,137,47184,50775,97959
2020-09-01,2020,9,63323,61080,124403,94,68,162,63417,61148,124565
2020-10-01,2020,10,64479,68803,133282,130,108,238,64609,68911,133520
2020-11-01,2020,11,61330,63199,124529,367,96,463,61697,63295,124992
2020-12-01,2020,12,104291,92785,197076,250,106,356,104541,92891,197432
2021-01-01,2021,1,80841,94700,175541,267,127,394,81108,94827,175935
2021-02-01,2021,2,60851,61504,122355,184,104,288,61035,61608,122643
2021-03-01,2021,3,95808,89025,184833,171,47,218,95979,89072,185051
2021-04-01,2021,4,138750,136759,275509,0,0,0,138750,136759,275509
2021-05-01,2021,5,138056,136776,274832,0,0,0,138056,136776,274832
2021-06-01,2021,6,136088,124685,260773,283,275,558,136371,124960,261331
2021-07-01,2021,7,105012,121940,226952,434,550,984,105446,122490,227936
2021-08-01,2021,8,42846,46114,88960,0,0,0,42846,46114,88960
2021-09-01,2021,9,82148,78010,160158,0,0,0,82148,78010,160158
2021-10-01,2021,10,80802,85786,166588,0,3,3,80802,85789,166591
2021-11-01,2021,11,76157,79198,155355,0,19,19,76157,79217,155374
2021-12-01,2021,12,117297,98420,215717,0,26,26,117297,98446,215743
2022-01-01,2022,1,101280,119334,220614,0,68,68,101280,119402,220682
2022-02-01,2022,2,74908,73885,148793,0,111,111,74908,73996,148904
2022-03-01,2022,3,112705,109426,222131,107,250,357,112812,109676,222488
2022-04-01,2022,4,176984,170675,347659,1597,1374,2971,178581,172049,350630
2022-05-01,2022,5,152773,152054,304827,2277,3020,5297,155050,155074,310124
2022-06-01,2022,6,181033,165059,346092,4037,5344,9381,185070,170403,355473
2022-07-01,2022,7,188524,196632,385156,10314,8022,18336,198838,204654,403492
2022-08-01,2022,8,173475,178869,352344,11323,10614,21937,184798,189483,374281
2022-09-01,2022,9,184671,178202,362873,7586,7664,15250,192257,185866,378123
2022-10-01,2022,10,179425,188390,367815,10261,8440,18701,189686,196830,386516
2022-11-01,2022,11,149910,155492,305402,7692,9456,17148,157602,164948,322550
2022-12-01,2022,12,159727,149179,308906,11267,14438,25705,170994,163617,334611
2023-01-01,2023,1,143420,155313,298733,15885,13920,29805,159305,169233,328538
2023-02-01,2023,2,111683,116266,227949,15903,11957,27860,127586,128223,255809
2023-03-01,2023,3,142578,139756,282334,15864,17120,32984,158442,156876,315318
2023-04-01,2023,4,163902,166802,330704,18602,16245,34847,182504,183047,365551
2023-05-01,2023,5,158107,158050,316157,16952,18037,34989,175059,176087,351146
2023-06-01,2023,6,177738,166465,344203,18226,18794,37020,195964,185259,381223
2023-07-01,2023,7,195021,204360,399381,28855,20136,48991,223876,224496,448372
2023-08-01,2023,8,188325,193286,381611,27315,27939,55254,215640,221225,436865
2023-09-01,2023,9,191936,186040,377976,25026,28228,53254,216962,214268,431230
2023-10-01,2023,10,184789,195082,379871,27532,24665,52197,212321,219747,432068
2023-11-01,2023,11,162243,165552,327795,24233,25047,49280,186476,190599,377075
2023-12-01,2023,12,145746,139468,285214,23460,26852,50312,169206,166320,335526
2024-01-01,2024,1,150684,160317,311001,29351,26377,55728,180035,186694,366729
2024-02-01,2024,2,133177,137650,270827,25916,22413,48329,159093,160063,319156
2024-03-01,2024,3,153296,147367,300663,24446,26343,50789,177742,173710,351452
2024-04-01,2024,4,165058,171564,336622,23397,22580,45977,188455,194144,382599
2024-05-01,2024,5,160997,159965,320962,20443,23586,44029,181440,183551,364991
2024-06-01,2024,6,176673,167064,343737,22641,22635,45276,199314,189699,389013
2024-07-01,2024,7,201172,205630,406802,27423,21350,48773,228595,226980,455575
2024-08-01,2024,8,188138,192114,380252,27481,30285,57766,215619,222399,438018
2024-09-01,2024,9,188611,183120,371731,27762,29529,57291,216373,212649,429022
2024-10-01,2024,10,184965,194744,379709,30318,27470,57788,215283,222214,437497
2024-11-01,2024,11,157626,161553,319179,25281,27624,52905,182907,189177,372084
2024-12-01,2024,12,168044,160494,328538,29355,31908,61263,197399,192402,389801
2025-01-01,2025,1,163541,174575,338116,35472,30729,66201,199013,205304,404317
2025-02-01,2025,2,119585,125616,245201,28424,24675,53099,148009,150291,298300
2025-03-01,2025,3,141108,138369,279477,24957,26231,51188,166065,164600,330665
2025-04-01,2025,4,171439,169709,341148,26035,28149,54184,197474,197858,395332
2025-05-01,2025,5,157384,157130,314514,25189,26296,51485,182573,183426,365999
2025-06-01,2025,6,173218,164521,337739,26128,26882,53010,199346,191403,390749
2025-07-01,2025,7,204195,203866,408061,32421,27513,59934,236616,231379,467995
2025-08-01,2025,8,185538,189988,375526,30288,32659,62947,215826,222647,438473
2025-09-01,2025,9,189615,184766,374381,29361,31192,60553,218976,215958,434934
2025-10-01,2025,10,186456,191820,378276,29087,28212,57299,215543,220032,435575
2025-11-01,2025,11,153563,159353,312916,26105,26192,52297,179668,185545,365213
2025-12-01,2025,12,167673,161573,329246,25685,31877,57562,193358,193450,386808
2026-01-01,2026,1,150654,159968,310622,31720,28057,59777,182374,188025,370399
2026-02-01,2026,2,121205,124601,245806,26343,25353,51696,147548,149954,297502
