Date,CalenderYear,Monthnumber,MONTH,FYE_Year,PAX
1/07/2016,2016,7,July,2017,4477
1/07/2017,2017,7,July,2018,4654
1/07/2018,2018,7,July,2019,4601
1/07/2019,2019,7,July,2020,5164
1/07/2020,2020,7,July,2021,657
1/07/2021,2021,7,July,2022,2632
1/07/2022,2022,7,July,2023,4471
1/07/2023,2023,7,July,2024,4504
1/07/2024,2024,7,July,2025,4182
1/07/2025,2025,7,July,2026,4507
1/08/2016,2016,8,August,2017,4337
1/08/2017,2017,8,August,2018,4456
1/08/2018,2018,8,August,2019,4050
1/08/2019,2019,8,August,2020,4229
1/08/2020,2020,8,August,2021,734
1/08/2021,2021,8,August,2022,417
1/08/2022,2022,8,August,2023,3939
1/08/2023,2023,8,August,2024,4008
1/08/2024,2024,8,August,2025,3017
1/08/2025,2025,8,August,2026,3021
1/09/2016,2016,9,September,2017,4112
1/09/2017,2017,9,September,2018,3840
1/09/2018,2018,9,September,2019,3630
1/09/2019,2019,9,September,2020,3423
1/09/2020,2020,9,September,2021,1176
1/09/2021,2021,9,September,2022,1328
1/09/2022,2022,9,September,2023,4512
1/09/2023,2023,9,September,2024,4054
1/09/2024,2024,9,September,2025,2459
1/09/2025,2025,9,September,2026,278
1/10/2016,2016,10,Oct,2017,4146
1/10/2017,2017,10,Oct,2018,4345
1/10/2018,2018,10,Oct,2019,3922
1/10/2019,2019,10,Oct,2020,3756
1/10/2020,2020,10,Oct,2021,1266
1/10/2021,2021,10,Oct,2022,1564
1/10/2022,2022,10,Oct,2023,4517
1/10/2023,2023,10,Oct,2024,4559
1/10/2024,2024,10,Oct,2025,4433
1/10/2025,2025,10,Oct,2026,4003
1/11/2016,2016,11,Nov,2017,4321
1/11/2017,2017,11,Nov,2018,3862
1/11/2018,2018,11,Nov,2019,4011
1/11/2019,2019,11,Nov,2020,4062
1/11/2020,2020,11,Nov,2021,1159
1/11/2021,2021,11,Nov,2022,977
1/11/2022,2022,11,Nov,2023,4630
1/11/2023,2023,11,Nov,2024,4639
1/11/2024,2024,11,Nov,2025,4172
1/11/2025,2025,11,Nov,2026,3925
1/12/2016,2016,12,Dec,2017,3963
1/12/2017,2017,12,Dec,2018,4744
1/12/2018,2018,12,Dec,2019,3784
1/12/2019,2019,12,Dec,2020,4484
1/12/2020,2020,12,Dec,2021,1921
1/12/2021,2021,12,Dec,2022,1856
1/12/2022,2022,12,Dec,2023,4242
1/12/2023,2023,12,Dec,2024,2631
1/12/2024,2024,12,Dec,2025,3775
1/12/2025,2025,12,Dec,2026,3682
1/01/2017,2017,1,Jan,2017,4487
1/01/2018,2018,1,Jan,2018,4636
1/01/2019,2019,1,Jan,2019,4315
1/01/2020,2020,1,Jan,2020,4700
1/01/2021,2021,1,Jan,2021,1950
1/01/2022,2022,1,Jan,2022,2139
1/01/2023,2023,1,Jan,2023,3832
1/01/2024,2024,1,Jan,2024,3544
1/01/2025,2025,1,Jan,2025,4348
1/01/2026,2026,1,Jan,2026,3270
1/02/2017,2017,2,Feb,2017,4181
1/02/2018,2018,2,Feb,2018,4529
1/02/2019,2019,2,Feb,2019,3990
1/02/2020,2020,2,Feb,2020,3004
1/02/2021,2021,2,Feb,2021,956
1/02/2022,2022,2,Feb,2022,1340
1/02/2023,2023,2,Feb,2023,3007
1/02/2024,2024,2,Feb,2024,3563
1/02/2025,2025,2,Feb,2025,2657
1/02/2026,2026,2,Feb,2026,2931
1/03/2017,2017,3,March,2017,3601
1/03/2018,2018,3,March,2018,3748
1/03/2019,2019,3,March,2019,2789
1/03/2020,2020,3,March,2020,1653
1/03/2021,2021,3,March,2021,1582
1/03/2022,2022,3,March,2022,2151
1/03/2023,2023,3,March,2023,4097
1/03/2024,2024,3,March,2024,3151
1/03/2025,2025,3,March,2025,3681
1/03/2026,2026,3,March,2026,2620
1/04/2017,2017,4,April,2017,4408
1/04/2018,2018,4,April,2018,3952
1/04/2019,2019,4,April,2019,4235
1/04/2020,2020,4,April,2020,0
1/04/2021,2021,4,April,2021,2606
1/04/2022,2022,4,April,2022,3712
1/04/2023,2023,4,April,2023,4559
1/04/2024,2024,4,April,2024,3492
1/04/2025,2025,4,April,2025,4064
1/05/2017,2017,5,May,2017,3412
1/05/2018,2018,5,May,2018,3290
1/05/2019,2019,5,May,2019,2813
1/05/2020,2020,5,May,2020,0
1/05/2021,2021,5,May,2021,2398
1/05/2022,2022,5,May,2022,2422
1/05/2023,2023,5,May,2023,3714
1/05/2024,2024,5,May,2024,3181
1/05/2025,2025,5,May,2025,3086
1/06/2017,2017,6,June,2017,3450
1/06/2018,2018,6,June,2018,3079
1/06/2019,2019,6,June,2019,2985
1/06/2020,2020,6,June,2020,0
1/06/2021,2021,6,June,2021,2542
1/06/2022,2022,6,June,2022,2734
1/06/2023,2023,6,June,2023,3631
1/06/2024,2024,6,June,2024,3473
1/06/2025,2025,6,June,2025,3372
