date,passengers,foc,total,Passenger numbers,total_raw
2018-03-09,0,0,0,0,0
2018-05-23,0,0,0,0,0
2018-05-24,0,0,0,0,0
2018-05-25,0,0,0,0,0
2018-09-06,0,0,0,0,0
2018-12-08,0,0,0,0,0
2018-12-09,0,0,0,0,0
2018-12-15,0,0,0,0,0
2018-12-16,0,0,0,0,0
2018-12-25,0,0,0,0,0
2019-01-01,0,0,0,0,0
2019-02-21,0,0,0,0,0
2019-03-05,0,0,0,0,0
2019-03-06,0,0,0,0,0
2019-03-07,0,0,0,0,0
2019-03-08,0,0,0,0,0
2019-03-09,0,0,0,0,0
2019-03-10,0,0,0,0,0
2019-03-11,0,0,0,0,0
2019-05-15,0,0,0,0,0
2019-05-22,0,0,0,0,0
2019-06-07,0,0,0,0,0
2019-09-09,0,0,0,0,0
2019-09-10,0,0,0,0,0
2019-10-25,0,0,0,0,0
2019-12-25,0,0,0,0,0
2020-01-01,0,0,0,0,0
2020-02-11,0,0,0,0,0
2020-02-17,0,0,0,0,0
2020-03-02,0,0,0,0,0
2020-03-05,0,0,0,0,0
2020-03-09,0,0,0,0,0
2020-03-12,0,0,0,0,0
2020-03-13,0,0,0,0,0
2020-03-14,0,0,0,0,0
2020-03-19,0,0,0,0,0
2020-03-23,0,0,0,0,0
2020-03-25,0,0,0,0,0
2020-03-26,0,0,0,0,0
2020-03-27,0,0,0,0,0
2020-03-28,0,0,0,0,0
2020-03-29,0,0,0,0,0
2020-03-30,0,0,0,0,0
2020-03-31,0,0,0,0,0
2020-05-01,0,0,0,0,0
2020-05-02,0,0,0,0,0
2020-05-03,0,0,0,0,0
2020-05-04,0,0,0,0,0
2020-05-05,0,0,0,0,0
2020-05-06,0,0,0,0,0
2020-05-07,0,0,0,0,0
2020-05-08,0,0,0,0,0
2020-05-09,0,0,0,0,0
2020-05-10,0,0,0,0,0
2020-05-11,0,0,0,0,0
2020-05-12,0,0,0,0,0
2020-05-13,0,0,0,0,0
2020-05-14,0,0,0,0,0
2020-05-15,0,0,0,0,0
2020-05-16,0,0,0,0,0
2020-05-17,0,0,0,0,0
2020-05-18,0,0,0,0,0
2020-05-19,0,0,0,0,0
2020-05-20,0,0,0,0,0
2020-05-21,0,0,0,0,0
2020-05-22,0,0,0,0,0
2020-05-23,0,0,0,0,0
2020-05-24,0,0,0,0,0
2020-05-25,0,0,0,0,0
2020-05-26,0,0,0,0,0
2020-05-27,0,0,0,0,0
2020-05-28,0,0,0,0,0
2020-05-29,0,0,0,0,0
2020-05-30,0,0,0,0,0
2020-05-31,0,0,0,0,0
2020-06-01,0,0,0,0,0
2020-06-02,0,0,0,0,0
2020-06-03,0,0,0,0,0
2020-06-04,0,0,0,0,0
2020-06-05,0,0,0,0,0
2020-06-06,0,0,0,0,0
2020-06-07,0,0,0,0,0
2020-06-08,0,0,0,0,0
2020-06-09,0,0,0,0,0
2020-06-10,0,0,0,0,0
2020-06-11,0,0,0,0,0
2020-06-12,0,0,0,0,0
2020-06-13,0,0,0,0,0
2020-06-14,0,0,0,0,0
2020-06-15,0,0,0,0,0
2020-06-16,0,0,0,0,0
2020-06-17,0,0,0,0,0
2020-06-18,0,0,0,0,0
2020-06-19,0,0,0,0,0
2020-06-20,0,0,0,0,0
2020-06-21,0,0,0,0,0
2020-06-22,0,0,0,0,0
2020-06-23,0,0,0,0,0
2020-06-24,0,0,0,0,0
2020-06-25,0,0,0,0,0
2020-06-26,0,0,0,0,0
2020-06-27,0,0,0,0,0
2020-06-28,0,0,0,0,0
2020-06-29,0,0,0,0,0
2020-06-30,0,0,0,0,0
2020-07-01,0,0,0,0,0
2020-07-02,0,0,0,0,0
2020-07-03,0,0,0,0,0
2020-07-04,0,0,0,0,0
2020-07-05,0,0,0,0,0
2020-07-06,0,0,0,0,0
2020-07-08,0,0,0,0,0
2020-07-09,0,0,0,0,0
2020-07-11,0,0,0,0,0
2020-07-12,0,0,0,0,0
2020-07-13,0,0,0,0,0
2020-07-15,0,0,0,0,0
2020-07-16,0,0,0,0,0
2020-07-18,0,0,0,0,0
2020-07-19,0,0,0,0,0
2020-07-20,0,0,0,0,0
2020-07-22,0,0,0,0,0
2020-07-23,0,0,0,0,0
2020-07-25,0,0,0,0,0
2020-07-27,0,0,0,0,0
2020-07-29,0,0,0,0,0
2020-07-30,0,0,0,0,0
2020-08-01,0,0,0,0,0
2020-08-02,0,0,0,0,0
2020-08-03,0,0,0,0,0
2020-08-05,0,0,0,0,0
2020-08-06,0,0,0,0,0
2020-08-08,0,0,0,0,0
2020-08-09,0,0,0,0,0
2020-08-10,0,0,0,0,0
2020-08-12,0,0,0,0,0
2020-08-13,0,0,0,0,0
2020-08-15,0,0,0,0,0
2020-08-17,0,0,0,0,0
2020-08-19,0,0,0,0,0
2020-08-20,0,0,0,0,0
2020-08-22,0,0,0,0,0
2020-08-24,0,0,0,0,0
2020-08-26,0,0,0,0,0
2020-08-27,0,0,0,0,0
2020-08-29,0,0,0,0,0
2020-08-30,0,0,0,0,0
2020-08-31,0,0,0,0,0
2020-09-02,0,0,0,0,0
2020-09-03,0,0,0,0,0
2020-09-05,0,0,0,0,0
2020-09-07,0,0,0,0,0
2020-09-09,0,0,0,0,0
2020-09-10,0,0,0,0,0
2020-09-12,0,0,0,0,0
2020-09-14,0,0,0,0,0
2020-09-16,0,0,0,0,0
2020-09-17,0,0,0,0,0
2020-09-19,0,0,0,0,0
2020-09-21,0,0,0,0,0
2020-09-23,0,0,0,0,0
2020-09-24,0,0,0,0,0
2020-09-28,0,0,0,0,0
2020-09-30,0,0,0,0,0
2020-10-01,0,0,0,0,0
2020-10-05,0,0,0,0,0
2020-10-07,0,0,0,0,0
2020-10-08,0,0,0,0,0
2020-10-10,0,0,0,0,0
2020-10-12,0,0,0,0,0
2020-10-14,0,0,0,0,0
2020-10-15,0,0,0,0,0
2020-10-17,0,0,0,0,0
2020-10-19,0,0,0,0,0
2020-10-21,0,0,0,0,0
2020-10-22,0,0,0,0,0
2020-10-26,0,0,0,0,0
2020-10-28,0,0,0,0,0
2020-10-29,0,0,0,0,0
2020-10-31,0,0,0,0,0
2020-11-02,0,0,0,0,0
2020-11-04,0,0,0,0,0
2020-11-05,0,0,0,0,0
2020-11-07,0,0,0,0,0
2020-11-11,0,0,0,0,0
2020-11-12,0,0,0,0,0
2020-11-14,0,0,0,0,0
2020-11-16,0,0,0,0,0
2020-11-18,0,0,0,0,0
2020-11-19,0,0,0,0,0
2020-11-21,0,0,0,0,0
2020-11-23,0,0,0,0,0
2020-11-25,0,0,0,0,0
2020-11-26,0,0,0,0,0
2020-11-28,0,0,0,0,0
2020-11-30,0,0,0,0,0
2020-12-02,0,0,0,0,0
2020-12-03,0,0,0,0,0
2020-12-05,0,0,0,0,0
2020-12-07,0,0,0,0,0
2020-12-09,0,0,0,0,0
2020-12-10,0,0,0,0,0
2020-12-11,0,0,0,0,0
2020-12-12,0,0,0,0,0
2020-12-13,0,0,0,0,0
2020-12-14,0,0,0,0,0
2020-12-15,0,0,0,0,0
2020-12-16,0,0,0,0,0
2020-12-17,0,0,0,0,0
2020-12-19,0,0,0,0,0
2020-12-24,0,0,0,0,0
2021-01-01,0,0,0,0,0
2021-01-10,0,0,0,0,0
2021-01-13,0,0,0,0,0
2021-01-17,0,0,0,0,0
2021-01-18,0,0,0,0,0
2021-01-19,0,0,0,0,0
2021-01-21,0,0,0,0,0
2021-01-23,0,0,0,0,0
2021-01-25,0,0,0,0,0
2021-01-27,0,0,0,0,0
2021-01-28,0,0,0,0,0
2021-01-30,0,0,0,0,0
2021-02-01,0,0,0,0,0
2021-02-03,0,0,0,0,0
2021-02-04,0,0,0,0,0
2021-02-06,0,0,0,0,0
2021-02-08,0,0,0,0,0
2021-02-10,0,0,0,0,0
2021-02-11,0,0,0,0,0
2021-02-13,0,0,0,0,0
2021-02-15,0,0,0,0,0
2021-02-17,0,0,0,0,0
2021-02-18,0,0,0,0,0
2021-02-20,0,0,0,0,0
2021-02-22,0,0,0,0,0
2021-02-24,0,0,0,0,0
2021-02-25,0,0,0,0,0
2021-02-27,0,0,0,0,0
2021-03-01,0,0,0,0,0
2021-03-02,0,0,0,0,0
2021-03-03,0,0,0,0,0
2021-03-04,0,0,0,0,0
2021-03-06,0,0,0,0,0
2021-03-08,0,0,0,0,0
2021-03-10,0,0,0,0,0
2021-03-11,0,0,0,0,0
2021-03-13,0,0,0,0,0
2021-03-17,0,0,0,0,0
2021-03-18,0,0,0,0,0
2021-03-20,0,0,0,0,0
2021-03-22,0,0,0,0,0
2021-03-25,0,0,0,0,0
2021-03-27,0,0,0,0,0
2021-03-29,0,0,0,0,0
2021-03-31,0,0,0,0,0
2021-04-01,0,0,0,0,0
2021-04-18,0,0,0,0,0
2021-04-21,0,0,0,0,0
2021-04-22,0,0,0,0,0
2021-04-28,0,0,0,0,0
2021-04-29,0,0,0,0,0
2021-05-02,0,0,0,0,0
2021-05-05,0,0,0,0,0
2021-05-06,0,0,0,0,0
2021-05-12,0,0,0,0,0
2021-05-13,0,0,0,0,0
2021-05-19,0,0,0,0,0
2021-05-22,0,0,0,0,0
2021-05-26,0,0,0,0,0
2021-05-27,0,0,0,0,0
2021-06-02,0,0,0,0,0
2021-06-03,0,0,0,0,0
2021-06-09,0,0,0,0,0
2021-06-10,0,0,0,0,0
2021-06-16,0,0,0,0,0
2021-06-17,0,0,0,0,0
2021-06-23,0,0,0,0,0
2021-07-22,0,0,0,0,0
2021-07-25,0,0,0,0,0
2021-07-28,0,0,0,0,0
2021-08-01,0,0,0,0,0
2021-08-02,0,0,0,0,0
2021-08-04,0,0,0,0,0
2021-08-05,0,0,0,0,0
2021-08-07,0,0,0,0,0
2021-08-08,0,0,0,0,0
2021-08-09,0,0,0,0,0
2021-08-10,0,0,0,0,0
2021-08-11,0,0,0,0,0
2021-08-12,0,0,0,0,0
2021-08-13,0,0,0,0,0
2021-08-14,0,0,0,0,0
2021-08-15,0,0,0,0,0
2021-08-16,0,0,0,0,0
2021-08-17,0,0,0,0,0
2021-08-18,0,0,0,0,0
2021-08-19,0,0,0,0,0
2021-08-20,0,0,0,0,0
2021-08-22,0,0,0,0,0
2021-08-23,0,0,0,0,0
2021-08-26,0,0,0,0,0
2021-08-28,0,0,0,0,0
2021-08-29,0,0,0,0,0
2021-08-30,0,0,0,0,0
2021-09-01,0,0,0,0,0
2021-09-02,0,0,0,0,0
2021-09-05,0,0,0,0,0
2021-09-08,0,0,0,0,0
2021-09-09,0,0,0,0,0
2021-09-12,0,0,0,0,0
2021-09-13,0,0,0,0,0
2021-09-15,0,0,0,0,0
2021-09-16,0,0,0,0,0
2021-09-22,0,0,0,0,0
2021-10-06,0,0,0,0,0
2021-10-10,0,0,0,0,0
2021-10-14,0,0,0,0,0
2021-10-17,0,0,0,0,0
2021-10-21,0,0,0,0,0
2021-10-24,0,0,0,0,0
2021-10-25,0,0,0,0,0
2021-10-28,0,0,0,0,0
2021-10-31,0,0,0,0,0
2021-11-01,0,0,0,0,0
2021-11-04,0,0,0,0,0
2021-11-07,0,0,0,0,0
2021-11-08,0,0,0,0,0
2021-11-10,0,0,0,0,0
2021-11-11,0,0,0,0,0
2021-11-14,0,0,0,0,0
2021-11-15,0,0,0,0,0
2021-11-18,0,0,0,0,0
2021-11-21,0,0,0,0,0
2021-11-22,0,0,0,0,0
2021-11-24,0,0,0,0,0
2021-11-25,0,0,0,0,0
2021-11-28,0,0,0,0,0
2021-11-29,0,0,0,0,0
2021-12-01,0,0,0,0,0
2021-12-02,0,0,0,0,0
2021-12-05,0,0,0,0,0
2021-12-06,0,0,0,0,0
2021-12-08,0,0,0,0,0
2021-12-09,0,0,0,0,0
2021-12-12,0,0,0,0,0
2021-12-13,0,0,0,0,0
2021-12-16,0,0,0,0,0
2021-12-19,0,0,0,0,0
2021-12-24,0,0,0,0,0
2021-12-25,0,0,0,0,0
2021-12-30,0,0,0,0,0
2022-01-01,0,0,0,0,0
2022-01-07,0,0,0,0,0
2022-01-08,0,0,0,0,0
2022-01-09,0,0,0,0,0
2022-01-10,0,0,0,0,0
2022-01-11,0,0,0,0,0
2022-01-12,0,0,0,0,0
2022-01-16,0,0,0,0,0
2022-01-17,0,0,0,0,0
2022-01-20,0,0,0,0,0
2022-01-23,0,0,0,0,0
2022-01-24,0,0,0,0,0
2022-01-27,0,0,0,0,0
2022-01-30,0,0,0,0,0
2022-01-31,0,0,0,0,0
2022-02-03,0,0,0,0,0
2022-02-06,0,0,0,0,0
2022-02-07,0,0,0,0,0
2022-02-10,0,0,0,0,0
2022-02-13,0,0,0,0,0
2022-02-14,0,0,0,0,0
2022-02-17,0,0,0,0,0
2022-02-20,0,0,0,0,0
2022-02-21,0,0,0,0,0
2022-02-24,0,0,0,0,0
2022-02-27,0,0,0,0,0
2022-02-28,0,0,0,0,0
2022-03-03,0,0,0,0,0
2022-03-06,0,0,0,0,0
2022-03-07,0,0,0,0,0
2022-03-10,0,0,0,0,0
2022-03-13,0,0,0,0,0
2022-03-17,0,0,0,0,0
2022-03-20,0,0,0,0,0
2022-03-21,0,0,0,0,0
2022-03-24,0,0,0,0,0
2022-03-27,0,0,0,0,0
2022-03-28,0,0,0,0,0
2022-03-31,0,0,0,0,0
2022-04-03,0,0,0,0,0
2022-04-04,0,0,0,0,0
2022-04-11,0,0,0,0,0
2022-04-23,0,0,0,0,0
2022-05-01,0,0,0,0,0
2022-05-02,0,0,0,0,0
2022-05-07,0,0,0,0,0
2022-05-08,0,0,0,0,0
2022-05-09,0,0,0,0,0
2022-05-15,0,0,0,0,0
2022-05-16,0,0,0,0,0
2022-05-22,0,0,0,0,0
2022-05-23,0,0,0,0,0
2022-05-29,0,0,0,0,0
2022-05-30,0,0,0,0,0
2022-06-01,0,0,0,0,0
2022-06-05,0,0,0,0,0
2022-06-06,0,0,0,0,0
2022-06-09,0,0,0,0,0
2022-06-12,0,0,0,0,0
2022-06-13,0,0,0,0,0
2022-06-17,0,0,0,0,0
2022-06-19,0,0,0,0,0
2022-06-23,0,0,0,0,0
2022-06-27,0,0,0,0,0
2022-06-28,0,0,0,0,0
2022-08-08,0,0,0,0,0
2022-08-23,0,0,0,0,0
2022-08-31,0,0,0,0,0
2022-10-26,0,0,0,0,0
2022-12-15,0,0,0,0,0
2022-12-25,0,0,0,0,0
2023-01-01,0,0,0,0,0
2023-01-06,0,0,0,0,0
2023-01-18,0,0,0,0,0
2023-01-19,0,0,0,0,0
2023-01-20,0,0,0,0,0
2023-02-27,0,0,0,0,0
2023-02-28,0,0,0,0,0
2023-03-01,0,0,0,0,0
2023-03-02,0,0,0,0,0
2023-03-03,0,0,0,0,0
2023-06-14,0,0,0,0,0
2023-08-14,0,0,0,0,0
2023-08-29,0,0,0,0,0
2023-10-18,0,0,0,0,0
2023-12-09,0,0,0,0,0
2023-12-10,0,0,0,0,0
2023-12-11,0,0,0,0,0
2023-12-12,0,0,0,0,0
2023-12-13,0,0,0,0,0
2023-12-14,0,0,0,0,0
2023-12-15,0,0,0,0,0
2023-12-16,0,0,0,0,0
2023-12-17,0,0,0,0,0
2023-12-18,0,0,0,0,0
2023-12-25,0,0,0,0,0
2023-12-26,0,0,0,0,0
2024-01-01,0,0,0,0,0
2024-01-25,0,0,0,0,0
2024-01-26,0,0,0,0,0
2024-03-09,0,0,0,0,0
2024-03-14,0,0,0,0,0
2024-03-16,0,0,0,0,0
2024-03-18,0,0,0,0,0
2024-03-19,0,0,0,0,0
2024-03-20,0,0,0,0,0
2024-03-22,0,0,0,0,0
2024-03-23,0,0,0,0,0
2024-03-24,0,0,0,0,0
2024-03-25,0,0,0,0,0
2024-03-26,0,0,0,0,0
2024-03-27,0,0,0,0,0
2024-03-28,0,0,0,0,0
2024-03-29,0,0,0,0,0
2024-03-31,0,0,0,0,0
2024-04-17,0,0,0,0,0
2024-05-15,0,0,0,0,0
2024-05-22,0,0,0,0,0
2024-06-12,0,0,0,0,0
2024-07-06,0,0,0,0,0
2024-08-23,0,0,0,0,0
2024-08-24,0,0,0,0,0
2024-08-25,0,0,0,0,0
2024-08-26,0,0,0,0,0
2024-08-27,0,0,0,0,0
2024-08-28,0,0,0,0,0
2024-08-29,0,0,0,0,0
2024-08-30,0,0,0,0,0
2024-08-31,0,0,0,0,0
2024-09-01,0,0,0,0,0
2024-09-02,0,0,0,0,0
2024-09-03,0,0,0,0,0
2024-09-04,0,0,0,0,0
2024-09-05,0,0,0,0,0
2024-09-06,0,0,0,0,0
2024-09-07,0,0,0,0,0
2024-09-08,0,0,0,0,0
2024-09-09,0,0,0,0,0
2024-09-10,0,0,0,0,0
2024-09-11,0,0,0,0,0
2024-09-12,0,0,0,0,0
2024-09-13,0,0,0,0,0
2024-12-17,0,0,0,0,0
2024-12-18,0,0,0,0,0
2024-12-25,0,0,0,0,0
2025-01-01,0,0,0,0,0
2025-01-29,0,0,0,0,0
2025-02-02,0,0,0,0,0
2025-02-05,0,0,0,0,0
2025-02-14,0,0,0,0,0
2025-02-22,0,0,0,0,0
2025-03-06,0,0,0,0,0
2025-04-02,0,0,0,0,0
2025-04-03,0,0,0,0,0
2025-05-05,0,0,0,0,0
2025-05-08,0,0,0,0,0
2025-05-11,0,0,0,0,0
2025-05-15,0,0,0,0,0
2025-05-20,0,0,0,0,0
2025-06-12,0,0,0,0,0
2025-06-13,0,0,0,0,0
2025-06-17,0,0,0,0,0
2025-07-22,0,0,0,0,0
2025-07-30,0,0,0,0,0
2025-08-22,0,0,0,0,0
2025-08-23,0,0,0,0,0
2025-08-24,0,0,0,0,0
2025-08-25,0,0,0,0,0
2025-08-26,0,0,0,0,0
2025-08-27,0,0,0,0,0
2025-08-28,0,0,0,0,0
2025-08-29,0,0,0,0,0
2025-08-30,0,0,0,0,0
2025-08-31,0,0,0,0,0
2025-09-01,0,0,0,0,0
2025-09-02,0,0,0,0,0
2025-09-03,0,0,0,0,0
2025-09-04,0,0,0,0,0
2025-09-05,0,0,0,0,0
2025-09-06,0,0,0,0,0
2025-09-07,0,0,0,0,0
2025-09-08,0,0,0,0,0
2025-09-09,0,0,0,0,0
2025-09-10,0,0,0,0,0
2025-09-11,0,0,0,0,0
2025-09-12,0,0,0,0,0
2025-09-13,0,0,0,0,0
2025-09-14,0,0,0,0,0
2025-09-15,0,0,0,0,0
2025-09-16,0,0,0,0,0
2025-09-17,0,0,0,0,0
2025-09-18,0,0,0,0,0
2025-09-19,0,0,0,0,0
2025-09-20,0,0,0,0,0
2025-09-21,0,0,0,0,0
2025-09-22,0,0,0,0,0
2025-09-23,0,0,0,0,0
2025-09-24,0,0,0,0,0
2025-09-25,0,0,0,0,0
2025-09-26,0,0,0,0,0
2025-09-27,0,0,0,0,0
2025-09-28,0,0,0,0,0
2025-12-04,0,0,0,0,0
2025-12-25,0,0,0,0,0
2025-12-30,0,0,0,0,0
2026-01-01,0,0,0,0,0
2026-01-08,0,0,0,0,0
2026-01-09,0,0,0,0,0
2026-01-10,0,0,0,0,0
2026-01-11,0,0,0,0,0
2026-02-23,0,0,0,0,0
2026-03-05,0,0,0,0,0
2026-03-06,0,0,0,0,0
2026-03-07,0,0,0,0,0
2026-03-19,0,0,0,0,0
2026-03-20,0,0,0,0,0
2026-04-14,0,0,0,0,0
2026-05-14,0,0,0,0,0
2026-06-12,0,0,0,0,0
2026-06-18,0,0,0,0,0
2026-06-19,0,0,0,0,0
2026-06-20,0,0,0,0,0
2026-06-21,0,0,0,0,0
2026-06-22,0,0,0,0,0
2026-06-23,0,0,0,0,0
2026-06-24,0,0,0,0,0
2026-06-25,0,0,0,0,0
2026-06-26,0,0,0,0,0
2026-06-27,0,0,0,0,0
2026-06-28,0,0,0,0,0
2026-06-29,0,0,0,0,0
2026-06-30,0,0,0,0,0
2018-01-11,160,0,160,166,166
2018-01-25,160,0,160,162,162
2018-02-13,160,0,160,168,168
2018-02-16,160,0,160,164,164
2018-02-19,160,0,160,163,163
2018-02-22,160,0,160,165,165
2018-02-23,160,0,160,162,162
2018-03-30,160,0,160,164,164
2018-04-01,160,0,160,168,168
2018-04-04,160,0,160,164,164
2018-04-06,160,0,160,165,165
2018-07-05,160,0,160,171,171
2018-07-06,160,0,160,162,162
2018-07-07,160,0,160,166,166
2018-07-09,160,0,160,165,165
2018-07-17,160,0,160,169,169
2018-07-20,160,0,160,168,168
2018-08-17,160,0,160,168,168
2018-09-25,160,0,160,165,165
2018-09-30,160,0,160,163,163
2018-10-01,160,0,160,166,166
2018-10-04,160,0,160,167,167
2018-11-23,160,0,160,164,164
2018-12-22,160,0,160,164,164
2019-01-03,160,0,160,161,161
2019-01-07,160,0,160,175,175
2019-01-08,160,0,160,171,171
2019-02-04,160,0,160,175,175
2019-02-11,160,0,160,168,168
2019-03-12,160,0,160,168,168
2019-07-03,160,0,160,166,166
2019-07-06,160,0,160,173,173
2019-07-08,160,0,160,172,172
2019-07-09,160,0,160,161,161
2019-07-10,160,0,160,166,166
2019-07-12,160,0,160,162,162
2019-07-13,160,0,160,169,169
2019-07-21,160,0,160,166,166
2019-07-24,160,0,160,161,161
2019-08-09,160,0,160,169,169
2019-08-15,160,0,160,164,164
2019-08-18,160,0,160,161,161
2019-09-28,160,0,160,167,167
2019-10-01,160,0,160,161,161
2019-10-02,160,0,160,164,164
2019-10-06,160,0,160,164,164
2019-10-18,160,0,160,171,171
2019-12-20,160,0,160,175,175
2019-12-27,160,0,160,167,167
2019-12-28,160,0,160,165,165
2019-12-31,160,0,160,171,171
2022-08-07,160,0,160,160,160
2023-04-08,160,0,160,160,160
2023-06-29,160,0,160,160,160
2024-01-05,160,0,160,160,160
2024-07-04,160,0,160,160,160
2024-07-09,160,0,160,160,160
2024-10-07,160,0,160,160,160
2024-12-31,160,0,160,160,160
2025-01-14,160,0,160,160,160
2025-07-10,160,0,160,160,160
2025-07-20,160,0,160,160,160
2025-07-26,160,0,160,160,160
2025-07-28,160,0,160,160,160
2025-07-29,160,0,160,160,160
2025-10-31,160,0,160,160,160
2025-12-22,160,0,160,160,160
2025-12-28,160,0,160,160,160
2018-01-15,132,0,132,132,132
2018-01-17,91,0,91,91,91
2018-01-19,143,0,143,143,143
2018-01-23,146,0,146,146,146
2018-01-28,128,0,128,128,128
2018-01-29,122,0,122,122,122
2018-01-31,94,0,94,94,94
2018-02-01,153,0,153,153,153
2018-02-03,131,0,131,131,131
2018-02-04,105,0,105,105,105
2018-02-05,116,0,116,116,116
2018-02-07,128,0,128,128,128
2018-02-08,117,0,117,117,117
2018-02-24,141,0,141,141,141
2018-02-25,118,0,118,118,118
2018-02-26,154,0,154,154,154
2018-02-27,110,0,110,110,110
2018-02-28,141,0,141,141,141
2018-03-02,99,0,99,99,99
2018-03-03,111,0,111,111,111
2018-03-05,131,0,131,131,131
2018-03-07,122,0,122,122,122
2018-03-10,107,0,107,107,107
2018-03-14,77,0,77,77,77
2018-03-15,101,0,101,101,101
2018-03-16,122,0,122,122,122
2018-03-18,91,0,91,91,91
2018-03-19,92,0,92,92,92
2018-03-20,65,0,65,65,65
2018-03-21,122,0,122,122,122
2018-03-22,130,0,130,130,130
2018-03-23,133,0,133,133,133
2018-03-24,98,0,98,98,98
2018-03-26,88,0,88,88,88
2018-03-27,135,0,135,135,135
2018-04-02,154,0,154,154,154
2018-04-03,127,0,127,127,127
2018-04-09,107,0,107,107,107
2018-04-10,81,0,81,81,81
2018-04-12,88,0,88,88,88
2018-04-14,128,0,128,128,128
2018-04-15,77,0,77,77,77
2018-04-16,97,0,97,97,97
2018-04-19,120,0,120,120,120
2018-04-23,144,0,144,144,144
2018-04-24,118,0,118,118,118
2018-04-26,123,0,123,123,123
2018-04-27,108,0,108,108,108
2018-04-29,102,0,102,102,102
2018-04-30,76,0,76,76,76
2018-05-01,77,0,77,77,77
2018-05-06,59,0,59,59,59
2018-05-07,108,0,108,108,108
2018-05-09,82,0,82,82,82
2018-05-11,106,0,106,106,106
2018-05-12,60,0,60,60,60
2018-05-13,125,0,125,125,125
2018-05-15,88,0,88,88,88
2018-05-17,63,0,63,63,63
2018-05-18,91,0,91,91,91
2018-05-19,95,0,95,95,95
2018-05-20,104,0,104,104,104
2018-05-21,54,0,54,54,54
2018-05-22,117,0,117,117,117
2018-05-29,110,0,110,110,110
2018-05-31,76,0,76,76,76
2018-06-01,78,0,78,78,78
2018-06-02,67,0,67,67,67
2018-06-03,61,0,61,61,61
2018-06-04,125,0,125,125,125
2018-06-05,109,0,109,109,109
2018-06-06,77,0,77,77,77
2018-06-08,67,0,67,67,67
2018-06-09,71,0,71,71,71
2018-06-10,59,0,59,59,59
2018-06-14,98,0,98,98,98
2018-06-15,97,0,97,97,97
2018-06-16,97,0,97,97,97
2018-06-17,98,0,98,98,98
2018-06-18,101,0,101,101,101
2018-06-20,111,0,111,111,111
2018-06-23,89,0,89,89,89
2018-06-26,96,0,96,96,96
2018-06-27,156,0,156,156,156
2018-06-28,95,0,95,95,95
2018-06-29,110,0,110,110,110
2018-07-01,62,0,62,62,62
2018-07-03,119,0,119,119,119
2018-07-04,129,0,129,129,129
2018-07-10,141,0,141,141,141
2018-07-12,153,0,153,153,153
2018-07-14,157,0,157,157,157
2018-07-18,88,0,88,88,88
2018-07-19,140,0,140,140,140
2018-07-22,117,0,117,117,117
2018-07-24,109,0,109,109,109
2018-07-26,122,0,122,122,122
2018-07-28,151,0,151,151,151
2018-07-30,136,0,136,136,136
2018-07-31,112,0,112,112,112
2018-08-01,91,0,91,91,91
2018-08-02,94,0,94,94,94
2018-08-06,156,0,156,156,156
2018-08-08,97,0,97,97,97
2018-08-09,138,0,138,138,138
2018-08-10,146,0,146,146,146
2018-08-14,100,0,100,100,100
2018-08-20,97,0,97,97,97
2018-08-21,71,0,71,71,71
2018-08-23,141,0,141,141,141
2018-08-24,121,0,121,121,121
2018-08-26,115,0,115,115,115
2018-08-27,90,0,90,90,90
2018-08-28,83,0,83,83,83
2018-08-29,84,0,84,84,84
2018-08-30,50,0,50,50,50
2018-08-31,60,0,60,60,60
2018-09-02,85,0,85,85,85
2018-09-03,107,0,107,107,107
2018-09-04,98,0,98,98,98
2018-09-05,89,0,89,89,89
2018-09-10,84,0,84,84,84
2018-09-11,62,0,62,62,62
2018-09-12,73,0,73,73,73
2018-09-13,70,0,70,70,70
2018-09-14,86,0,86,86,86
2018-09-18,73,0,73,73,73
2018-09-21,121,0,121,121,121
2018-09-23,141,0,141,141,141
2018-09-26,123,0,123,123,123
2018-10-09,123,0,123,123,123
2018-10-13,98,0,98,98,98
2018-10-19,95,0,95,95,95
2018-10-20,79,0,79,79,79
2018-10-22,104,0,104,104,104
2018-10-25,88,0,88,88,88
2018-10-28,115,0,115,115,115
2018-10-30,114,0,114,114,114
2018-10-31,78,0,78,78,78
2018-11-01,84,0,84,84,84
2018-11-04,62,0,62,62,62
2018-11-06,68,0,68,68,68
2018-11-07,145,0,145,145,145
2018-11-10,93,0,93,93,93
2018-11-11,92,0,92,92,92
2018-11-13,147,0,147,147,147
2018-11-17,142,0,142,142,142
2018-11-19,159,0,159,159,159
2018-11-21,141,0,141,141,141
2018-11-22,149,0,149,149,149
2018-11-27,140,0,140,140,140
2018-11-29,96,0,96,96,96
2018-12-01,127,0,127,127,127
2018-12-03,138,0,138,138,138
2018-12-04,154,0,154,154,154
2018-12-05,110,0,110,110,110
2018-12-06,106,0,106,106,106
2018-12-07,84,0,84,84,84
2018-12-10,110,0,110,110,110
2018-12-11,92,0,92,92,92
2018-12-30,127,0,127,127,127
2019-01-13,155,0,155,155,155
2019-01-14,81,0,81,81,81
2019-01-15,83,0,83,83,83
2019-01-19,107,0,107,107,107
2019-01-20,139,0,139,139,139
2019-01-22,155,0,155,155,155
2019-01-26,78,0,78,78,78
2019-01-29,134,0,134,134,134
2019-01-30,93,0,93,93,93
2019-01-31,87,0,87,87,87
2019-02-02,146,0,146,146,146
2019-02-09,121,0,121,121,121
2019-02-15,124,0,124,124,124
2019-02-17,115,0,115,115,115
2019-02-18,99,0,99,99,99
2019-02-25,117,0,117,117,117
2019-02-28,102,0,102,102,102
2019-03-02,130,0,130,130,130
2019-03-03,99,0,99,99,99
2019-03-04,110,0,110,110,110
2019-03-14,128,0,128,128,128
2019-03-17,104,0,104,104,104
2019-03-19,104,0,104,104,104
2019-03-20,82,0,82,82,82
2019-03-21,102,0,102,102,102
2019-03-22,76,0,76,76,76
2019-03-23,63,0,63,63,63
2019-03-24,105,0,105,105,105
2019-03-30,145,0,145,145,145
2019-04-03,113,0,113,113,113
2019-04-06,121,0,121,121,121
2019-04-07,79,0,79,79,79
2019-04-08,101,0,101,101,101
2019-04-09,142,0,142,142,142
2019-04-11,126,0,126,126,126
2019-04-12,96,0,96,96,96
2019-04-13,102,0,102,102,102
2019-04-14,109,0,109,109,109
2019-04-18,146,0,146,146,146
2019-04-28,116,0,116,116,116
2019-04-29,70,0,70,70,70
2019-04-30,74,0,74,74,74
2019-05-02,73,0,73,73,73
2019-05-05,82,0,82,82,82
2019-05-06,99,0,99,99,99
2019-05-07,108,0,108,108,108
2019-05-08,59,0,59,59,59
2019-05-09,85,0,85,85,85
2019-05-11,89,0,89,89,89
2019-05-12,88,0,88,88,88
2019-05-14,68,0,68,68,68
2019-05-16,94,0,94,94,94
2019-05-17,102,0,102,102,102
2019-05-20,67,0,67,67,67
2019-05-23,74,0,74,74,74
2019-05-24,90,0,90,90,90
2019-05-27,92,0,92,92,92
2019-05-29,111,0,111,111,111
2019-05-30,106,0,106,106,106
2019-06-02,77,0,77,77,77
2019-06-05,83,0,83,83,83
2019-06-09,106,0,106,106,106
2019-06-12,84,0,84,84,84
2019-06-14,82,0,82,82,82
2019-06-15,134,0,134,134,134
2019-06-16,79,0,79,79,79
2019-06-17,117,0,117,117,117
2019-06-18,83,0,83,83,83
2019-06-19,82,0,82,82,82
2019-06-20,91,0,91,91,91
2019-06-21,97,0,97,97,97
2019-06-22,84,0,84,84,84
2019-06-25,94,0,94,94,94
2019-06-26,101,0,101,101,101
2019-06-27,104,0,104,104,104
2019-06-28,125,0,125,125,125
2019-06-29,115,0,115,115,115
2019-07-19,152,0,152,152,152
2019-07-23,130,0,130,130,130
2019-08-02,101,0,101,101,101
2019-08-03,134,0,134,134,134
2019-08-04,74,0,74,74,74
2019-08-11,124,0,124,124,124
2019-08-13,137,0,137,137,137
2019-08-14,156,0,156,156,156
2019-08-16,124,0,124,124,124
2019-08-17,114,0,114,114,114
2019-08-19,137,0,137,137,137
2019-08-24,138,0,138,138,138
2019-08-27,97,0,97,97,97
2019-08-31,123,0,123,123,123
2019-09-01,77,0,77,77,77
2019-09-02,84,0,84,84,84
2019-09-03,96,0,96,96,96
2019-09-04,91,0,91,91,91
2019-09-05,73,0,73,73,73
2019-09-12,87,0,87,87,87
2019-09-13,89,0,89,89,89
2019-09-17,90,0,90,90,90
2019-09-18,106,0,106,106,106
2019-09-21,127,0,127,127,127
2019-09-23,78,0,78,78,78
2019-10-03,159,0,159,159,159
2019-10-11,108,0,108,108,108
2019-10-12,116,0,116,116,116
2019-10-16,86,0,86,86,86
2019-10-21,105,0,105,105,105
2019-10-22,60,0,60,60,60
2019-10-23,96,0,96,96,96
2019-10-24,93,0,93,93,93
2019-10-26,114,0,114,114,114
2019-10-27,117,0,117,117,117
2019-10-29,97,0,97,97,97
2019-11-01,157,0,157,157,157
2019-11-02,105,0,105,105,105
2019-11-03,126,0,126,126,126
2019-11-04,115,0,115,115,115
2019-11-05,98,0,98,98,98
2019-11-06,102,0,102,102,102
2019-11-07,121,0,121,121,121
2019-11-15,155,0,155,155,155
2019-11-17,76,0,76,76,76
2019-11-20,132,0,132,132,132
2019-11-22,118,0,118,118,118
2019-11-23,139,0,139,139,139
2019-11-29,123,0,123,123,123
2019-11-30,114,0,114,114,114
2019-12-04,92,0,92,92,92
2019-12-05,140,0,140,140,140
2019-12-06,95,0,95,95,95
2019-12-09,115,0,115,115,115
2019-12-12,129,0,129,129,129
2019-12-16,95,0,95,95,95
2019-12-17,152,0,152,152,152
2019-12-18,151,0,151,151,151
2020-01-12,134,0,134,134,134
2020-01-15,154,0,154,154,154
2020-01-17,140,0,140,140,140
2020-01-28,107,0,107,107,107
2020-01-30,99,0,99,99,99
2020-02-02,93,0,93,93,93
2020-02-03,53,0,53,53,53
2020-02-04,108,0,108,108,108
2020-02-06,71,0,71,71,71
2020-02-15,158,0,158,158,158
2020-02-22,112,0,112,112,112
2020-02-24,48,0,48,48,48
2020-02-25,74,0,74,74,74
2020-03-18,92,0,92,92,92
2020-03-20,85,0,85,85,85
2020-03-22,26,0,26,26,26
2020-07-14,61,0,61,61,61
2020-07-17,104,0,104,104,104
2020-07-24,75,0,75,75,75
2020-07-26,52,0,52,52,52
2020-07-28,72,0,72,72,72
2020-07-31,82,0,82,82,82
2020-08-18,64,0,64,64,64
2020-08-21,87,0,87,87,87
2020-08-28,34,0,34,34,34
2020-09-01,52,0,52,52,52
2020-09-04,70,0,70,70,70
2020-09-06,52,0,52,52,52
2020-09-08,54,0,54,54,54
2020-09-13,49,0,49,49,49
2020-09-15,34,0,34,34,34
2020-09-18,39,0,39,39,39
2020-09-22,118,0,118,118,118
2020-09-25,104,0,104,104,104
2020-09-26,94,0,94,94,94
2020-10-02,118,0,118,118,118
2020-10-03,42,0,42,42,42
2020-10-04,96,0,96,96,96
2020-10-06,46,0,46,46,46
2020-10-09,52,0,52,52,52
2020-10-13,77,0,77,77,77
2020-10-24,65,0,65,65,65
2020-11-08,65,0,65,65,65
2020-11-09,46,0,46,46,46
2020-11-17,61,0,61,61,61
2020-11-20,82,0,82,82,82
2020-11-22,75,0,75,75,75
2020-11-24,121,0,121,121,121
2020-11-27,93,0,93,93,93
2020-11-29,75,0,75,75,75
2020-12-01,98,0,98,98,98
2020-12-21,105,0,105,105,105
2020-12-22,114,0,114,114,114
2020-12-23,118,0,118,118,118
2020-12-25,89,0,89,89,89
2020-12-26,120,0,120,120,120
2020-12-29,114,0,114,114,114
2021-01-02,114,0,114,114,114
2021-01-03,121,0,121,121,121
2021-01-05,109,0,109,109,109
2021-01-07,120,0,120,120,120
2021-01-09,100,0,100,100,100
2021-01-11,75,0,75,75,75
2021-01-12,115,0,115,115,115
2021-01-16,90,0,90,90,90
2021-01-22,54,0,54,54,54
2021-01-29,53,0,53,53,53
2021-02-02,83,0,83,83,83
2021-02-05,81,0,81,81,81
2021-02-07,63,0,63,63,63
2021-02-09,65,0,65,65,65
2021-02-16,81,0,81,81,81
2021-02-19,73,0,73,73,73
2021-02-26,50,0,50,50,50
2021-02-28,61,0,61,61,61
2021-03-07,103,0,103,103,103
2021-03-14,93,0,93,93,93
2021-03-26,95,0,95,95,95
2021-03-30,92,0,92,92,92
2021-04-11,116,0,116,116,116
2021-04-12,116,0,116,116,116
2021-04-19,56,0,56,56,56
2021-04-20,83,0,83,83,83
2021-04-26,64,0,64,64,64
2021-04-30,115,0,115,115,115
2021-05-03,117,0,117,117,117
2021-05-09,92,0,92,92,92
2021-05-10,92,0,92,92,92
2021-05-11,112,0,112,112,112
2021-05-15,92,0,92,92,92
2021-05-16,81,0,81,81,81
2021-05-17,122,0,122,122,122
2021-05-21,117,0,117,117,117
2021-05-23,91,0,91,91,91
2021-05-29,100,0,100,100,100
2021-06-05,87,0,87,87,87
2021-06-06,56,0,56,56,56
2021-06-08,126,0,126,126,126
2021-06-14,116,0,116,116,116
2021-06-15,119,0,119,119,119
2021-06-21,116,0,116,116,116
2021-06-25,103,0,103,103,103
2021-06-28,117,0,117,117,117
2021-07-01,96,0,96,96,96
2021-07-02,113,0,113,113,113
2021-07-05,118,0,118,118,118
2021-07-07,111,0,111,111,111
2021-07-09,119,0,119,119,119
2021-07-10,58,0,58,58,58
2021-07-11,66,0,66,66,66
2021-07-13,97,0,97,97,97
2021-07-15,116,0,116,116,116
2021-07-18,90,0,90,90,90
2021-07-19,72,0,72,72,72
2021-07-21,65,0,65,65,65
2021-07-23,90,0,90,90,90
2021-07-24,90,0,90,90,90
2021-07-26,47,0,47,47,47
2021-07-29,54,0,54,54,54
2021-07-30,38,0,38,38,38
2021-08-03,74,0,74,74,74
2021-08-24,96,0,96,96,96
2021-08-27,72,0,72,72,72
2021-09-03,45,0,45,45,45
2021-09-04,45,0,45,45,45
2021-09-10,44,0,44,44,44
2021-09-11,35,0,35,35,35
2021-09-19,50,0,50,50,50
2021-09-20,54,0,54,54,54
2021-09-23,68,0,68,68,68
2021-09-28,49,0,49,49,49
2021-09-29,56,0,56,56,56
2021-09-30,59,0,59,59,59
2021-10-02,102,0,102,102,102
2021-10-03,90,0,90,90,90
2021-10-07,44,0,44,44,44
2021-10-08,32,0,32,32,32
2021-10-11,33,0,33,33,33
2021-10-13,41,0,41,41,41
2021-10-15,60,0,60,60,60
2021-10-19,52,0,52,52,52
2021-10-29,93,0,93,93,93
2021-11-02,33,0,33,33,33
2021-11-03,39,0,39,39,39
2021-11-09,59,0,59,59,59
2021-11-16,54,0,54,54,54
2021-11-17,32,0,32,32,32
2021-11-19,74,0,74,74,74
2021-11-23,104,0,104,104,104
2021-11-26,66,0,66,66,66
2021-12-03,41,0,41,41,41
2021-12-04,82,0,82,82,82
2021-12-07,61,0,61,61,61
2021-12-14,60,0,60,60,60
2021-12-18,114,0,114,114,114
2021-12-21,126,0,126,126,126
2021-12-22,85,0,85,85,85
2022-01-06,139,0,139,139,139
2022-01-15,149,0,149,149,149
2022-01-26,94,0,94,94,94
2022-01-28,86,0,86,86,86
2022-02-02,67,0,67,67,67
2022-02-05,97,0,97,97,97
2022-02-08,69,0,69,69,69
2022-02-09,58,0,58,58,58
2022-02-12,123,0,123,123,123
2022-02-15,53,0,53,53,53
2022-02-16,66,0,66,66,66
2022-02-22,80,0,80,80,80
2022-02-23,47,0,47,47,47
2022-02-25,104,0,104,104,104
2022-02-26,65,0,65,65,65
2022-03-01,52,0,52,52,52
2022-03-04,110,0,110,110,110
2022-03-05,111,0,111,111,111
2022-03-08,139,0,139,139,139
2022-03-09,89,0,89,89,89
2022-03-15,91,0,91,91,91
2022-03-16,90,0,90,90,90
2022-03-19,141,0,141,141,141
2022-03-22,114,0,114,114,114
2022-03-23,114,0,114,114,114
2022-03-30,81,0,81,81,81
2022-04-02,91,0,91,91,91
2022-04-05,147,0,147,147,147
2022-04-09,145,0,145,145,145
2022-04-20,137,0,137,137,137
2022-04-24,144,0,144,144,144
2022-04-25,140,0,140,140,140
2022-04-27,110,0,110,110,110
2022-04-28,139,0,139,139,139
2022-04-29,108,0,108,108,108
2022-04-30,131,0,131,131,131
2022-05-03,131,0,131,131,131
2022-05-04,123,0,123,123,123
2022-05-05,135,0,135,135,135
2022-05-10,92,0,92,92,92
2022-05-11,71,0,71,71,71
2022-05-12,47,0,47,47,47
2022-05-13,129,0,129,129,129
2022-05-17,141,0,141,141,141
2022-05-18,122,0,122,122,122
2022-05-19,104,0,104,104,104
2022-05-20,130,0,130,130,130
2022-05-21,130,0,130,130,130
2022-05-24,140,0,140,140,140
2022-05-25,139,0,139,139,139
2022-05-26,126,0,126,126,126
2022-05-27,144,0,144,144,144
2022-05-31,144,0,144,144,144
2022-06-07,138,0,138,138,138
2022-06-10,133,0,133,133,133
2022-06-15,150,0,150,150,150
2022-06-16,142,0,142,142,142
2022-06-18,144,0,144,144,144
2022-06-20,143,0,143,143,143
2022-06-21,141,0,141,141,141
2022-06-22,132,0,132,132,132
2022-06-26,128,0,128,128,128
2022-06-29,114,0,114,114,114
2022-07-01,113,0,113,113,113
2022-07-03,139,0,139,139,139
2022-07-04,141,0,141,141,141
2022-07-05,125,0,125,125,125
2022-07-06,137,0,137,137,137
2022-07-07,148,0,148,148,148
2022-07-10,138,0,138,138,138
2022-07-11,148,0,148,148,148
2022-07-14,145,0,145,145,145
2022-07-15,151,0,151,151,151
2022-07-19,143,0,143,143,143
2022-07-20,139,0,139,139,139
2022-07-22,148,0,148,148,148
2022-07-23,154,0,154,154,154
2022-07-24,147,0,147,147,147
2022-07-26,137,0,137,137,137
2022-07-27,148,0,148,148,148
2022-07-28,117,0,117,117,117
2022-07-30,110,0,110,110,110
2022-07-31,112,0,112,112,112
2022-08-01,139,0,139,139,139
2022-08-03,104,0,104,104,104
2022-08-06,145,0,145,145,145
2022-08-09,151,0,151,151,151
2022-08-10,139,0,139,139,139
2022-08-11,133,0,133,133,133
2022-08-12,144,0,144,144,144
2022-08-13,149,0,149,149,149
2022-08-14,148,0,148,148,148
2022-08-16,155,0,155,155,155
2022-08-19,153,0,153,153,153
2022-08-21,140,0,140,140,140
2022-08-22,138,0,138,138,138
2022-08-24,151,0,151,151,151
2022-08-25,131,0,131,131,131
2022-08-26,145,0,145,145,145
2022-08-28,85,0,85,85,85
2022-08-29,75,0,75,75,75
2022-09-01,147,0,147,147,147
2022-09-02,108,0,108,108,108
2022-09-03,140,0,140,140,140
2022-09-04,136,0,136,136,136
2022-09-05,149,0,149,149,149
2022-09-06,145,0,145,145,145
2022-09-07,149,0,149,149,149
2022-09-08,122,0,122,122,122
2022-09-09,143,0,143,143,143
2022-09-10,145,0,145,145,145
2022-09-14,143,0,143,143,143
2022-09-15,137,0,137,137,137
2022-09-21,158,0,158,158,158
2022-09-22,148,0,148,148,148
2022-09-23,158,0,158,158,158
2022-09-25,156,0,156,156,156
2022-09-26,154,0,154,154,154
2022-09-27,157,0,157,157,157
2022-09-28,159,0,159,159,159
2022-09-29,152,0,152,152,152
2022-10-03,159,0,159,159,159
2022-10-05,140,0,140,140,140
2022-10-06,72,0,72,72,72
2022-10-07,142,0,142,142,142
2022-10-08,140,0,140,140,140
2022-10-09,146,0,146,146,146
2022-10-10,144,0,144,144,144
2022-10-11,152,0,152,152,152
2022-10-12,144,0,144,144,144
2022-10-15,148,0,148,148,148
2022-10-16,141,0,141,141,141
2022-10-18,142,0,142,142,142
2022-10-21,131,0,131,131,131
2022-10-22,154,0,154,154,154
2022-10-23,151,0,151,151,151
2022-10-24,156,0,156,156,156
2022-10-25,102,0,102,102,102
2022-10-27,148,0,148,148,148
2022-10-28,150,0,150,150,150
2022-11-02,154,0,154,154,154
2022-11-06,147,0,147,147,147
2022-11-07,143,0,143,143,143
2022-11-08,153,0,153,153,153
2022-11-09,157,0,157,157,157
2022-11-10,158,0,158,158,158
2022-11-11,157,0,157,157,157
2022-11-15,126,0,126,126,126
2022-11-18,155,0,155,155,155
2022-11-19,156,0,156,156,156
2022-11-20,154,0,154,154,154
2022-11-21,155,0,155,155,155
2022-11-22,159,0,159,159,159
2022-11-24,145,0,145,145,145
2022-11-25,147,0,147,147,147
2022-11-26,147,0,147,147,147
2022-11-27,157,0,157,157,157
2022-11-28,143,0,143,143,143
2022-11-30,108,0,108,108,108
2022-12-01,155,0,155,155,155
2022-12-02,148,0,148,148,148
2022-12-03,136,0,136,136,136
2022-12-05,146,0,146,146,146
2022-12-06,142,0,142,142,142
2022-12-08,116,0,116,116,116
2022-12-09,72,0,72,72,72
2022-12-10,134,0,134,134,134
2022-12-11,104,0,104,104,104
2022-12-12,141,0,141,141,141
2022-12-13,147,0,147,147,147
2022-12-14,145,0,145,145,145
2022-12-16,151,0,151,151,151
2022-12-18,136,0,136,136,136
2022-12-19,153,0,153,153,153
2022-12-20,141,0,141,141,141
2022-12-21,149,0,149,149,149
2022-12-22,148,0,148,148,148
2022-12-26,151,0,151,151,151
2022-12-30,154,0,154,154,154
2023-01-04,151,0,151,151,151
2023-01-05,156,0,156,156,156
2023-01-07,134,0,134,134,134
2023-01-08,143,0,143,143,143
2023-01-09,146,0,146,146,146
2023-01-10,154,0,154,154,154
2023-01-11,147,0,147,147,147
2023-01-12,153,0,153,153,153
2023-01-14,153,0,153,153,153
2023-01-15,140,0,140,140,140
2023-01-16,144,0,144,144,144
2023-01-17,144,0,144,144,144
2023-01-24,115,0,115,115,115
2023-01-25,156,0,156,156,156
2023-01-29,71,0,71,71,71
2023-01-30,129,0,129,129,129
2023-01-31,107,0,107,107,107
2023-02-01,87,0,87,87,87
2023-02-07,113,0,113,113,113
2023-02-09,115,0,115,115,115
2023-02-10,86,0,86,86,86
2023-02-11,145,0,145,145,145
2023-02-12,116,0,116,116,116
2023-02-13,110,0,110,110,110
2023-02-16,71,0,71,71,71
2023-02-17,93,0,93,93,93
2023-02-18,111,0,111,111,111
2023-02-19,136,0,136,136,136
2023-02-20,102,0,102,102,102
2023-02-21,141,0,141,141,141
2023-02-22,134,0,134,134,134
2023-03-05,145,0,145,145,145
2023-03-06,105,0,105,105,105
2023-03-07,106,0,106,106,106
2023-03-09,148,0,148,148,148
2023-03-12,148,0,148,148,148
2023-03-13,155,0,155,155,155
2023-03-14,155,0,155,155,155
2023-03-15,156,0,156,156,156
2023-03-18,159,0,159,159,159
2023-03-19,106,0,106,106,106
2023-03-21,133,0,133,133,133
2023-03-24,161,0,161,161,161
2023-03-26,155,0,155,155,155
2023-03-27,149,0,149,149,149
2023-03-28,146,0,146,146,146
2023-03-29,158,0,158,158,158
2023-03-30,135,0,135,135,135
2023-04-02,154,0,154,154,154
2023-04-03,150,0,150,150,150
2023-04-07,162,0,162,162,162
2023-04-11,152,0,152,152,152
2023-04-13,169,0,169,169,169
2023-04-16,180,0,180,183,183
2023-04-17,154,0,154,154,154
2023-04-18,161,0,161,161,161
2023-04-19,166,0,166,166,166
2023-04-20,155,0,155,155,155
2023-04-23,144,0,144,144,144
2023-04-24,98,0,98,98,98
2023-04-25,115,0,115,115,115
2023-04-26,124,0,124,124,124
2023-04-27,97,0,97,97,97
2023-04-29,149,0,149,149,149
2023-04-30,149,0,149,149,149
2023-05-01,145,0,145,145,145
2023-05-02,87,0,87,87,87
2023-05-05,105,0,105,105,105
2023-05-06,136,0,136,136,136
2023-05-07,94,0,94,94,94
2023-05-08,124,0,124,124,124
2023-05-11,105,0,105,105,105
2023-05-12,95,0,95,95,95
2023-05-13,87,0,87,87,87
2023-05-14,100,0,100,100,100
2023-05-15,105,0,105,105,105
2023-05-16,154,0,154,154,154
2023-05-17,112,0,112,112,112
2023-05-18,128,0,128,128,128
2023-05-19,102,0,102,102,102
2023-05-20,139,0,139,139,139
2023-05-21,130,0,130,130,130
2023-05-22,122,0,122,122,122
2023-05-23,98,0,98,98,98
2023-05-24,106,0,106,106,106
2023-05-25,108,0,108,108,108
2023-05-26,129,0,129,129,129
2023-05-27,141,0,141,141,141
2023-05-28,131,0,131,131,131
2023-05-29,135,0,135,135,135
2023-05-30,113,0,113,113,113
2023-05-31,140,0,140,140,140
2023-06-01,108,0,108,108,108
2023-06-02,117,0,117,117,117
2023-06-03,117,0,117,117,117
2023-06-04,64,0,64,64,64
2023-06-05,112,0,112,112,112
2023-06-07,133,0,133,133,133
2023-06-08,51,0,51,51,51
2023-06-09,138,0,138,138,138
2023-06-13,131,0,131,131,131
2023-06-15,148,0,148,148,148
2023-06-17,64,0,64,64,64
2023-06-18,110,0,110,110,110
2023-06-19,112,0,112,112,112
2023-06-23,135,0,135,135,135
2023-06-24,141,0,141,141,141
2023-06-25,133,0,133,133,133
2023-06-26,141,0,141,141,141
2023-06-27,135,0,135,135,135
2023-06-28,161,0,161,161,161
2023-06-30,147,0,147,147,147
2023-07-01,130,0,130,130,130
2023-07-02,136,0,136,136,136
2023-07-03,115,0,115,115,115
2023-07-04,149,0,149,149,149
2023-07-05,162,0,162,162,162
2023-07-06,147,0,147,147,147
2023-07-07,157,0,157,157,157
2023-07-08,148,0,148,148,148
2023-07-10,147,0,147,147,147
2023-07-11,150,0,150,150,150
2023-07-12,136,0,136,136,136
2023-07-13,147,0,147,147,147
2023-07-15,134,0,134,134,134
2023-07-17,143,0,143,143,143
2023-07-19,147,0,147,147,147
2023-07-20,143,0,143,143,143
2023-07-21,152,0,152,152,152
2023-07-23,154,0,154,154,154
2023-07-24,151,0,151,151,151
2023-07-25,147,0,147,147,147
2023-07-26,90,0,90,90,90
2023-07-27,127,0,127,127,127
2023-07-28,132,0,132,132,132
2023-07-29,152,0,152,152,152
2023-07-31,147,0,147,147,147
2023-08-01,144,0,144,144,144
2023-08-02,151,0,151,151,151
2023-08-03,153,0,153,153,153
2023-08-04,140,0,140,140,140
2023-08-05,152,0,152,152,152
2023-08-06,117,0,117,117,117
2023-08-07,142,0,142,142,142
2023-08-08,149,0,149,149,149
2023-08-09,136,0,136,136,136
2023-08-10,143,0,143,143,143
2023-08-11,128,0,128,128,128
2023-08-12,128,0,128,128,128
2023-08-13,131,0,131,131,131
2023-08-15,153,0,153,153,153
2023-08-16,152,0,152,152,152
2023-08-17,145,0,145,145,145
2023-08-18,145,0,145,145,145
2023-08-20,144,0,144,144,144
2023-08-21,117,0,117,117,117
2023-08-22,128,0,128,128,128
2023-08-23,130,0,130,130,130
2023-08-24,130,0,130,130,130
2023-08-25,124,0,124,124,124
2023-08-27,108,0,108,108,108
2023-08-28,124,0,124,124,124
2023-08-30,143,0,143,143,143
2023-09-02,132,0,132,132,132
2023-09-04,102,0,102,102,102
2023-09-06,149,0,149,149,149
2023-09-07,107,0,107,107,107
2023-09-08,127,0,127,127,127
2023-09-09,121,0,121,121,121
2023-09-10,141,0,141,141,141
2023-09-13,113,0,113,113,113
2023-09-14,111,0,111,111,111
2023-09-15,138,0,138,138,138
2023-09-17,110,0,110,110,110
2023-09-18,151,0,151,151,151
2023-09-20,149,0,149,149,149
2023-09-25,154,0,154,154,154
2023-09-26,141,0,141,141,141
2023-09-27,144,0,144,144,144
2023-09-28,152,0,152,152,152
2023-10-01,149,0,149,149,149
2023-10-02,144,0,144,144,144
2023-10-04,152,0,152,152,152
2023-10-05,159,0,159,159,159
2023-10-07,139,0,139,139,139
2023-10-11,141,0,141,141,141
2023-10-14,147,0,147,147,147
2023-10-16,147,0,147,147,147
2023-10-17,145,0,145,145,145
2023-10-22,145,0,145,145,145
2023-10-27,164,0,164,164,164
2023-11-01,130,0,130,130,130
2023-11-04,143,0,143,143,143
2023-11-06,165,0,165,165,165
2023-11-09,151,0,151,151,151
2023-11-11,158,0,158,158,158
2023-11-14,155,0,155,155,155
2023-11-21,149,0,149,149,149
2023-11-22,152,0,152,152,152
2023-11-28,93,0,93,93,93
2023-11-30,168,0,168,168,168
2023-12-02,148,0,148,148,148
2023-12-04,152,0,152,152,152
2023-12-07,104,0,104,104,104
2023-12-08,134,0,134,134,134
2023-12-19,99,0,99,99,99
2023-12-20,82,0,82,82,82
2023-12-21,138,0,138,138,138
2023-12-22,139,0,139,139,139
2023-12-23,126,0,126,126,126
2023-12-24,145,0,145,145,145
2023-12-28,161,0,161,161,161
2023-12-30,150,0,150,150,150
2023-12-31,162,0,162,162,162
2024-01-02,154,0,154,154,154
2024-01-03,159,0,159,159,159
2024-01-06,148,0,148,148,148
2024-01-08,152,0,152,152,152
2024-01-09,158,0,158,158,158
2024-01-10,124,0,124,124,124
2024-01-11,145,0,145,145,145
2024-01-12,82,0,82,82,82
2024-01-13,86,0,86,86,86
2024-01-14,92,0,92,92,92
2024-01-15,111,0,111,111,111
2024-01-17,136,0,136,136,136
2024-01-18,114,0,114,114,114
2024-01-19,99,0,99,99,99
2024-01-20,109,0,109,109,109
2024-01-22,121,0,121,121,121
2024-01-23,114,0,114,114,114
2024-01-24,145,0,145,145,145
2024-01-27,150,0,150,150,150
2024-01-28,139,0,139,139,139
2024-01-30,109,0,109,109,109
2024-01-31,78,0,78,78,78
2024-02-02,83,0,83,83,83
2024-02-03,106,0,106,106,106
2024-02-04,99,0,99,99,99
2024-02-05,92,0,92,92,92
2024-02-07,127,0,127,127,127
2024-02-09,107,0,107,107,107
2024-02-11,145,0,145,145,145
2024-02-12,115,0,115,115,115
2024-02-14,142,0,142,142,142
2024-02-15,127,0,127,127,127
2024-02-16,86,0,86,86,86
2024-02-17,101,0,101,101,101
2024-02-18,141,0,141,141,141
2024-02-19,116,0,116,116,116
2024-02-20,137,0,137,137,137
2024-02-21,136,0,136,136,136
2024-02-22,156,0,156,156,156
2024-02-23,123,0,123,123,123
2024-02-24,141,0,141,141,141
2024-02-26,153,0,153,153,153
2024-02-27,114,0,114,114,114
2024-02-28,108,0,108,108,108
2024-02-29,94,0,94,94,94
2024-03-02,119,0,119,119,119
2024-03-03,96,0,96,96,96
2024-03-04,98,0,98,98,98
2024-03-05,141,0,141,141,141
2024-03-10,4,0,4,4,4
2024-03-11,134,0,134,134,134
2024-03-17,109,0,109,109,109
2024-04-01,157,0,157,157,157
2024-04-02,145,0,145,145,145
2024-04-03,148,0,148,148,148
2024-04-04,118,0,118,118,118
2024-04-05,145,0,145,145,145
2024-04-06,122,0,122,122,122
2024-04-07,109,0,109,109,109
2024-04-08,133,0,133,133,133
2024-04-09,105,0,105,105,105
2024-04-10,120,0,120,120,120
2024-04-12,106,0,106,106,106
2024-04-13,86,0,86,86,86
2024-04-14,125,0,125,125,125
2024-04-15,84,0,84,84,84
2024-04-16,131,0,131,131,131
2024-04-18,102,0,102,102,102
2024-04-19,58,0,58,58,58
2024-04-20,132,0,132,132,132
2024-04-21,104,0,104,104,104
2024-04-22,148,0,148,148,148
2024-04-23,114,0,114,114,114
2024-04-24,85,0,85,85,85
2024-04-29,77,0,77,77,77
2024-04-30,117,0,117,117,117
2024-05-01,120,0,120,120,120
2024-05-02,115,0,115,115,115
2024-05-04,124,0,124,124,124
2024-05-05,100,0,100,100,100
2024-05-06,143,0,143,143,143
2024-05-08,94,0,94,94,94
2024-05-09,132,0,132,132,132
2024-05-10,66,0,66,66,66
2024-05-12,107,0,107,107,107
2024-05-16,134,0,134,134,134
2024-05-17,94,0,94,94,94
2024-05-19,116,0,116,116,116
2024-05-20,117,0,117,117,117
2024-05-23,104,0,104,104,104
2024-05-27,108,0,108,108,108
2024-05-28,80,0,80,80,80
2024-05-29,57,0,57,57,57
2024-05-30,72,0,72,72,72
2024-05-31,92,0,92,92,92
2024-06-01,115,0,115,115,115
2024-06-03,69,0,69,69,69
2024-06-04,77,0,77,77,77
2024-06-05,111,0,111,111,111
2024-06-06,80,0,80,80,80
2024-06-07,95,0,95,95,95
2024-06-09,142,0,142,142,142
2024-06-11,116,0,116,116,116
2024-06-13,111,0,111,111,111
2024-06-14,84,0,84,84,84
2024-06-15,136,0,136,136,136
2024-06-16,110,0,110,110,110
2024-06-17,127,0,127,127,127
2024-06-18,128,0,128,128,128
2024-06-19,140,0,140,140,140
2024-06-20,129,0,129,129,129
2024-06-22,114,0,114,114,114
2024-06-23,124,0,124,124,124
2024-06-24,122,0,122,122,122
2024-06-26,103,0,103,103,103
2024-06-27,146,0,146,146,146
2024-06-29,138,0,138,138,138
2024-07-01,142,0,142,142,142
2024-07-02,148,0,148,148,148
2024-07-03,155,0,155,155,155
2024-07-05,113,0,113,113,113
2024-07-08,145,0,145,145,145
2024-07-11,156,0,156,156,156
2024-07-12,152,0,152,152,152
2024-07-13,155,0,155,155,155
2024-07-14,159,0,159,159,159
2024-07-15,159,0,159,159,159
2024-07-16,142,0,142,142,142
2024-07-18,132,0,132,132,132
2024-07-19,134,0,134,134,134
2024-07-20,146,0,146,146,146
2024-07-22,143,0,143,143,143
2024-07-23,119,0,119,119,119
2024-07-24,83,0,83,83,83
2024-07-26,134,0,134,134,134
2024-07-28,112,0,112,112,112
2024-07-29,78,0,78,78,78
2024-07-30,94,0,94,94,94
2024-07-31,98,0,98,98,98
2024-08-01,110,0,110,110,110
2024-08-03,105,0,105,105,105
2024-08-04,126,0,126,126,126
2024-08-06,143,0,143,143,143
2024-08-07,144,0,144,144,144
2024-08-08,141,0,141,141,141
2024-08-09,122,0,122,122,122
2024-08-12,148,0,148,148,148
2024-08-14,127,0,127,127,127
2024-08-15,142,0,142,142,142
2024-08-16,120,0,120,120,120
2024-08-19,147,0,147,147,147
2024-08-20,126,0,126,126,126
2024-08-21,135,0,135,135,135
2024-08-22,145,0,145,145,145
2024-09-14,173,0,173,173,173
2024-09-15,143,0,143,143,143
2024-09-16,144,0,144,144,144
2024-09-17,121,0,121,121,121
2024-09-18,125,0,125,125,125
2024-09-19,142,0,142,142,142
2024-09-20,148,0,148,148,148
2024-09-21,137,0,137,137,137
2024-09-23,147,0,147,147,147
2024-09-24,120,0,120,120,120
2024-09-25,150,0,150,150,150
2024-09-27,156,0,156,156,156
2024-09-30,153,0,153,153,153
2024-10-01,130,0,130,130,130
2024-10-03,111,0,111,111,111
2024-10-04,146,0,146,146,146
2024-10-05,153,0,153,153,153
2024-10-09,153,0,153,153,153
2024-10-11,148,0,148,148,148
2024-10-12,157,0,157,157,157
2024-10-13,124,0,124,124,124
2024-10-14,123,0,123,123,123
2024-10-16,111,0,111,111,111
2024-10-17,149,0,149,149,149
2024-10-19,125,0,125,125,125
2024-10-20,147,0,147,147,147
2024-10-22,137,0,137,137,137
2024-10-24,150,0,150,150,150
2024-10-25,150,0,150,150,150
2024-10-26,157,0,157,157,157
2024-10-27,144,0,144,144,144
2024-10-28,149,0,149,149,149
2024-10-29,151,0,151,151,151
2024-10-30,114,0,114,114,114
2024-10-31,120,0,120,120,120
2024-11-01,136,0,136,136,136
2024-11-03,115,0,115,115,115
2024-11-04,120,0,120,120,120
2024-11-05,93,0,93,93,93
2024-11-06,149,0,149,149,149
2024-11-07,134,0,134,134,134
2024-11-10,145,0,145,145,145
2024-11-11,132,0,132,132,132
2024-11-14,142,0,142,142,142
2024-11-15,119,0,119,119,119
2024-11-16,148,0,148,148,148
2024-11-17,151,0,151,151,151
2024-11-20,118,0,118,118,118
2024-11-22,150,0,150,150,150
2024-11-23,145,0,145,145,145
2024-11-25,135,0,135,135,135
2024-11-26,149,0,149,149,149
2024-11-27,141,0,141,141,141
2024-11-29,133,0,133,133,133
2024-11-30,129,0,129,129,129
2024-12-01,127,0,127,127,127
2024-12-03,112,0,112,112,112
2024-12-04,111,0,111,111,111
2024-12-06,80,0,80,80,80
2024-12-07,108,0,108,108,108
2024-12-08,128,0,128,128,128
2024-12-12,102,0,102,102,102
2024-12-13,132,0,132,132,132
2024-12-16,86,0,86,86,86
2024-12-19,155,0,155,155,155
2024-12-20,131,0,131,131,131
2024-12-21,144,0,144,144,144
2024-12-23,148,0,148,148,148
2024-12-24,159,0,159,159,159
2024-12-27,156,0,156,156,156
2024-12-28,157,0,157,157,157
2024-12-30,151,0,151,151,151
2025-01-02,144,0,144,144,144
2025-01-03,154,0,154,154,154
2025-01-04,153,0,153,153,153
2025-01-05,157,0,157,157,157
2025-01-06,158,0,158,158,158
2025-01-07,151,0,151,151,151
2025-01-08,159,0,159,159,159
2025-01-13,140,0,140,140,140
2025-01-15,164,0,164,164,164
2025-01-16,143,0,143,143,143
2025-01-18,141,0,141,141,141
2025-01-19,147,0,147,147,147
2025-01-20,144,0,144,144,144
2025-01-21,139,0,139,139,139
2025-01-23,165,0,165,165,165
2025-01-24,128,0,128,128,128
2025-01-25,138,0,138,138,138
2025-01-26,150,0,150,150,150
2025-01-28,115,0,115,115,115
2025-01-30,134,0,134,134,134
2025-01-31,140,0,140,140,140
2025-02-01,104,0,104,104,104
2025-02-04,102,0,102,102,102
2025-02-09,78,0,78,78,78
2025-02-10,108,0,108,108,108
2025-02-11,110,0,110,110,110
2025-02-12,60,0,60,60,60
2025-02-13,129,0,129,129,129
2025-02-16,98,0,98,98,98
2025-02-17,120,0,120,120,120
2025-02-18,111,0,111,111,111
2025-02-19,58,0,58,58,58
2025-02-20,131,0,131,131,131
2025-02-21,136,0,136,136,136
2025-02-23,125,0,125,125,125
2025-02-24,122,0,122,122,122
2025-02-25,124,0,124,124,124
2025-02-26,118,0,118,118,118
2025-02-27,150,0,150,150,150
2025-02-28,124,0,124,124,124
2025-03-01,91,0,91,91,91
2025-03-02,107,0,107,107,107
2025-03-03,121,0,121,121,121
2025-03-04,151,0,151,151,151
2025-03-07,151,0,151,151,151
2025-03-09,147,0,147,147,147
2025-03-11,153,0,153,153,153
2025-03-12,145,0,145,145,145
2025-03-13,138,0,138,138,138
2025-03-14,117,0,117,117,117
2025-03-16,80,0,80,80,80
2025-03-17,97,0,97,97,97
2025-03-19,95,0,95,95,95
2025-03-20,139,0,139,139,139
2025-03-21,113,0,113,113,113
2025-03-23,92,0,92,92,92
2025-03-24,76,0,76,76,76
2025-03-26,114,0,114,114,114
2025-03-27,107,0,107,107,107
2025-03-28,150,0,150,150,150
2025-03-29,123,0,123,123,123
2025-03-30,144,0,144,144,144
2025-03-31,112,0,112,112,112
2025-04-01,112,0,112,112,112
2025-04-04,140,0,140,140,140
2025-04-05,125,0,125,125,125
2025-04-07,131,0,131,131,131
2025-04-08,151,0,151,151,151
2025-04-10,125,0,125,125,125
2025-04-11,124,0,124,124,124
2025-04-13,158,0,158,158,158
2025-04-14,154,0,154,154,154
2025-04-16,163,0,163,163,163
2025-04-17,156,0,156,156,156
2025-04-18,158,0,158,158,158
2025-04-19,156,0,156,156,156
2025-04-22,159,0,159,159,159
2025-04-23,157,0,157,157,157
2025-04-24,161,0,161,161,161
2025-04-28,161,0,161,161,161
2025-04-29,100,0,100,100,100
2025-04-30,112,0,112,112,112
2025-05-01,146,0,146,146,146
2025-05-02,82,0,82,82,82
2025-05-04,98,0,98,98,98
2025-05-06,150,0,150,150,150
2025-05-07,112,0,112,112,112
2025-05-09,138,0,138,138,138
2025-05-10,120,0,120,120,120
2025-05-13,94,0,94,94,94
2025-05-16,131,0,131,131,131
2025-05-17,116,0,116,116,116
2025-05-18,95,0,95,95,95
2025-05-19,120,0,120,120,120
2025-05-21,148,0,148,148,148
2025-05-23,99,0,99,99,99
2025-05-24,101,0,101,101,101
2025-05-25,87,0,87,87,87
2025-05-27,116,0,116,116,116
2025-05-28,137,0,137,137,137
2025-05-29,104,0,104,104,104
2025-05-31,121,0,121,121,121
2025-06-01,71,0,71,71,71
2025-06-02,110,0,110,110,110
2025-06-03,133,0,133,133,133
2025-06-05,105,0,105,105,105
2025-06-06,119,0,119,119,119
2025-06-07,158,0,158,158,158
2025-06-08,158,0,158,158,158
2025-06-10,123,0,123,123,123
2025-06-11,120,0,120,120,120
2025-06-15,107,0,107,107,107
2025-06-16,85,0,85,85,85
2025-06-18,142,0,142,142,142
2025-06-19,133,0,133,133,133
2025-06-20,119,0,119,119,119
2025-06-21,121,0,121,121,121
2025-06-23,148,0,148,148,148
2025-06-24,121,0,121,121,121
2025-06-25,147,0,147,147,147
2025-06-26,145,0,145,145,145
2025-06-27,145,0,145,145,145
2025-06-30,118,0,118,118,118
2025-07-02,145,0,145,145,145
2025-07-03,152,0,152,152,152
2025-07-04,162,0,162,162,162
2025-07-05,155,0,155,155,155
2025-07-07,155,0,155,155,155
2025-07-09,162,0,162,162,162
2025-07-12,136,0,136,136,136
2025-07-13,158,0,158,158,158
2025-07-14,162,0,162,162,162
2025-07-16,162,0,162,162,162
2025-07-17,156,0,156,156,156
2025-07-18,158,0,158,158,158
2025-07-23,136,0,136,136,136
2025-07-24,136,0,136,136,136
2025-07-27,152,0,152,152,152
2025-08-01,99,0,99,99,99
2025-08-02,149,0,149,149,149
2025-08-03,155,0,155,155,155
2025-08-04,151,0,151,151,151
2025-08-05,140,0,140,140,140
2025-08-06,131,0,131,131,131
2025-08-07,140,0,140,140,140
2025-08-08,147,0,147,147,147
2025-08-10,130,0,130,130,130
2025-08-14,145,0,145,145,145
2025-08-15,150,0,150,150,150
2025-08-18,148,0,148,148,148
2025-08-19,161,0,161,161,161
2025-08-20,141,0,141,141,141
2025-08-21,161,0,161,161,161
2025-09-29,140,0,140,140,140
2025-09-30,138,0,138,138,138
2025-10-01,147,0,147,147,147
2025-10-02,150,0,150,150,150
2025-10-03,153,0,153,153,153
2025-10-04,154,0,154,154,154
2025-10-05,148,0,148,148,148
2025-10-06,150,0,150,150,150
2025-10-07,136,0,136,136,136
2025-10-08,138,0,138,138,138
2025-10-09,119,0,119,119,119
2025-10-10,144,0,144,144,144
2025-10-11,140,0,140,140,140
2025-10-12,142,0,142,142,142
2025-10-13,141,0,141,141,141
2025-10-14,95,0,95,95,95
2025-10-15,78,0,78,78,78
2025-10-16,78,0,78,78,78
2025-10-18,146,0,146,146,146
2025-10-19,124,0,124,124,124
2025-10-20,130,0,130,130,130
2025-10-21,109,0,109,109,109
2025-10-22,142,0,142,142,142
2025-10-23,102,0,102,102,102
2025-10-24,147,0,147,147,147
2025-10-25,146,0,146,146,146
2025-10-26,137,0,137,137,137
2025-10-27,145,0,145,145,145
2025-10-28,70,0,70,70,70
2025-10-29,73,0,73,73,73
2025-10-30,157,0,157,157,157
2025-11-01,129,0,129,129,129
2025-11-02,122,0,122,122,122
2025-11-03,119,0,119,119,119
2025-11-04,126,0,126,126,126
2025-11-05,121,0,121,121,121
2025-11-06,122,0,122,122,122
2025-11-07,127,0,127,127,127
2025-11-08,132,0,132,132,132
2025-11-09,113,0,113,113,113
2025-11-10,140,0,140,140,140
2025-11-11,98,0,98,98,98
2025-11-12,117,0,117,117,117
2025-11-13,128,0,128,128,128
2025-11-14,101,0,101,101,101
2025-11-15,146,0,146,146,146
2025-11-17,127,0,127,127,127
2025-11-18,127,0,127,127,127
2025-11-19,155,0,155,155,155
2025-11-20,138,0,138,138,138
2025-11-21,149,0,149,149,149
2025-11-22,149,0,149,149,149
2025-11-23,145,0,145,145,145
2025-11-24,147,0,147,147,147
2025-11-26,146,0,146,146,146
2025-11-27,121,0,121,121,121
2025-11-28,123,0,123,123,123
2025-11-29,115,0,115,115,115
2025-12-02,136,0,136,136,136
2025-12-03,86,0,86,86,86
2025-12-05,134,0,134,134,134
2025-12-06,134,0,134,134,134
2025-12-07,94,0,94,94,94
2025-12-08,94,0,94,94,94
2025-12-09,128,0,128,128,128
2025-12-11,112,0,112,112,112
2025-12-12,102,0,102,102,102
2025-12-14,129,0,129,129,129
2025-12-15,108,0,108,108,108
2025-12-16,141,0,141,141,141
2025-12-17,123,0,123,123,123
2025-12-18,100,0,100,100,100
2025-12-19,158,0,158,158,158
2025-12-20,159,0,159,159,159
2025-12-21,145,0,145,145,145
2025-12-23,154,0,154,154,154
2025-12-24,152,0,152,152,152
2025-12-26,155,0,155,155,155
2025-12-27,142,0,142,142,142
2025-12-29,144,0,144,144,144
2025-12-31,141,0,141,141,141
2026-01-02,154,0,154,154,154
2026-01-03,141,0,141,141,141
2026-01-04,156,0,156,156,156
2026-01-05,97,0,97,97,97
2026-01-06,156,0,156,156,156
2026-01-07,142,0,142,142,142
2026-01-12,156,0,156,156,156
2026-01-13,142,0,142,142,142
2026-01-14,154,0,154,154,154
2026-01-15,140,0,140,140,140
2026-01-17,153,0,153,153,153
2026-01-18,101,0,101,101,101
2026-01-19,110,0,110,110,110
2026-01-20,116,0,116,116,116
2026-01-21,124,0,124,124,124
2026-01-22,112,0,112,112,112
2026-01-24,127,0,127,127,127
2026-01-25,93,0,93,93,93
2026-01-26,86,0,86,86,86
2026-01-27,75,0,75,75,75
2026-01-28,65,0,65,65,65
2026-01-29,117,0,117,117,117
2026-01-30,146,0,146,146,146
2026-02-01,101,0,101,101,101
2026-02-02,124,0,124,124,124
2026-02-03,95,0,95,95,95
2026-02-04,72,0,72,72,72
2026-02-05,99,0,99,99,99
2026-02-06,100,0,100,100,100
2026-02-07,111,0,111,111,111
2026-02-08,92,0,92,92,92
2026-02-09,149,0,149,149,149
2026-02-11,128,0,128,128,128
2026-02-12,93,0,93,93,93
2026-02-14,142,0,142,142,142
2026-02-15,108,0,108,108,108
2026-02-17,151,0,151,151,151
2026-02-18,87,0,87,87,87
2026-02-19,127,0,127,127,127
2026-02-20,102,0,102,102,102
2026-02-21,100,0,100,100,100
2026-02-22,105,0,105,105,105
2026-02-24,120,0,120,120,120
2026-02-25,101,0,101,101,101
2026-02-27,105,0,105,105,105
2026-02-28,101,0,101,101,101
2026-03-01,147,0,147,147,147
2026-03-02,105,0,105,105,105
2026-03-03,106,0,106,106,106
2026-03-04,105,0,105,105,105
2026-03-08,143,0,143,143,143
2026-03-09,125,0,125,125,125
2026-03-11,96,0,96,96,96
2026-03-13,71,0,71,71,71
2026-03-14,62,0,62,62,62
2026-03-15,90,0,90,90,90
2026-03-16,90,0,90,90,90
2026-03-17,107,0,107,107,107
2026-03-18,113,0,113,113,113
2026-03-21,114,0,114,114,114
2026-03-22,65,0,65,65,65
2026-03-23,91,0,91,91,91
2026-03-25,69,0,69,69,69
2026-03-26,119,0,119,119,119
2026-03-28,115,0,115,115,115
2026-03-29,73,0,73,73,73
2026-03-30,86,0,86,86,86
2026-03-31,87,0,87,87,87
2026-04-01,91,0,91,91,91
2026-04-02,133,0,133,133,133
2026-04-03,152,0,152,152,152
2026-04-04,151,0,151,151,151
2026-04-05,151,0,151,151,151
2026-04-06,146,0,146,146,146
2026-04-07,143,0,143,143,143
2026-04-08,141,0,141,141,141
2026-04-09,147,0,147,147,147
2026-04-10,143,0,143,143,143
2026-04-11,137,0,137,137,137
2026-04-12,135,0,135,135,135
2026-04-13,117,0,117,117,117
2026-04-15,119,0,119,119,119
2026-04-16,88,0,88,88,88
2026-04-17,72,0,72,72,72
2026-04-18,152,0,152,152,152
2026-04-19,110,0,110,110,110
2026-04-20,53,0,53,53,53
2026-04-21,81,0,81,81,81
2026-04-22,73,0,73,73,73
2026-04-23,124,0,124,124,124
2026-04-24,72,0,72,72,72
2026-04-25,115,0,115,115,115
2026-04-26,106,0,106,106,106
2026-04-27,149,0,149,149,149
2026-04-28,100,0,100,100,100
2026-04-30,88,0,88,88,88
2026-05-01,89,0,89,89,89
2026-05-05,109,0,109,109,109
2026-05-07,106,0,106,106,106
2026-05-08,100,0,100,100,100
2026-05-10,83,0,83,83,83
2026-05-12,68,0,68,68,68
2026-05-15,100,0,100,100,100
2026-05-17,80,0,80,80,80
2026-05-18,135,0,135,135,135
2026-05-21,129,0,129,129,129
2026-05-22,111,0,111,111,111
2026-05-24,132,0,132,132,132
2026-05-26,137,0,137,137,137
2026-05-28,113,0,113,113,113
2026-05-30,138,0,138,138,138
2026-05-31,137,0,137,137,137
2026-06-01,73,0,73,73,73
2026-06-02,93,0,93,93,93
2026-06-03,93,0,93,93,93
2026-06-05,82,0,82,82,82
2026-06-06,104,0,104,104,104
2026-06-07,98,0,98,98,98
2026-06-08,127,0,127,127,127
2026-06-09,82,0,82,82,82
2026-06-10,79,0,79,79,79
2026-06-11,94,0,94,94,94
2026-06-13,73,0,73,73,73
2026-06-14,87,0,87,87,87
2026-06-15,67,0,67,67,67
2026-06-16,141,0,141,141,141
2026-06-17,73,0,73,73,73
2018-01-02,160,1,161,168,169
2018-01-03,160,1,161,163,164
2018-01-04,160,1,161,164,165
2018-01-07,160,1,161,160,161
2018-01-08,160,1,161,166,167
2018-01-10,160,1,161,167,168
2018-01-12,125,1,126,125,126
2018-01-13,131,1,132,131,132
2018-01-14,160,1,161,160,161
2018-01-16,160,1,161,167,168
2018-01-24,160,1,161,161,162
2018-02-02,146,1,147,146,147
2018-02-06,137,1,138,137,138
2018-02-10,160,1,161,163,164
2018-02-11,160,1,161,166,167
2018-02-12,160,1,161,162,163
2018-02-15,160,1,161,168,169
2018-02-17,155,1,156,155,156
2018-02-18,155,1,156,155,156
2018-02-21,156,1,157,156,157
2018-03-01,73,1,74,73,74
2018-03-06,94,1,95,94,95
2018-03-08,124,1,125,124,125
2018-03-12,143,1,144,143,144
2018-03-13,123,1,124,123,124
2018-03-17,102,1,103,102,103
2018-03-25,114,1,115,114,115
2018-03-29,126,1,127,126,127
2018-04-05,160,1,161,167,168
2018-04-07,160,1,161,164,165
2018-04-11,76,1,77,76,77
2018-04-13,117,1,118,117,118
2018-04-17,156,1,157,156,157
2018-04-20,160,1,161,167,168
2018-04-21,87,1,88,87,88
2018-04-22,70,1,71,70,71
2018-04-25,118,1,119,118,119
2018-05-03,134,1,135,134,135
2018-05-04,128,1,129,128,129
2018-05-05,89,1,90,89,90
2018-05-08,119,1,120,119,120
2018-05-10,108,1,109,108,109
2018-05-14,121,1,122,121,122
2018-05-16,117,1,118,117,118
2018-05-26,160,1,161,169,170
2018-05-27,90,1,91,90,91
2018-05-28,119,1,120,119,120
2018-05-30,61,1,62,61,62
2018-06-07,73,1,74,73,74
2018-06-11,103,1,104,103,104
2018-06-13,160,1,161,160,161
2018-06-19,87,1,88,87,88
2018-06-21,111,1,112,111,112
2018-06-24,75,1,76,75,76
2018-06-25,114,1,115,114,115
2018-07-02,154,1,155,154,155
2018-07-08,159,1,160,159,160
2018-07-11,143,1,144,143,144
2018-07-13,157,1,158,157,158
2018-07-15,123,1,124,123,124
2018-07-16,160,1,161,165,166
2018-07-27,108,1,109,108,109
2018-08-03,148,1,149,148,149
2018-08-04,115,1,116,115,116
2018-08-05,111,1,112,111,112
2018-08-07,131,1,132,131,132
2018-08-13,154,1,155,154,155
2018-08-16,159,1,160,159,160
2018-08-19,124,1,125,124,125
2018-08-22,137,1,138,137,138
2018-09-08,83,1,84,83,84
2018-09-09,114,1,115,114,115
2018-09-22,109,1,110,109,110
2018-09-24,126,1,127,126,127
2018-09-27,138,1,139,138,139
2018-10-08,144,1,145,144,145
2018-10-10,108,1,109,108,109
2018-10-11,73,1,74,73,74
2018-10-14,83,1,84,83,84
2018-10-15,80,1,81,80,81
2018-10-17,85,1,86,85,86
2018-10-18,94,1,95,94,95
2018-11-03,63,1,64,63,64
2018-11-09,96,1,97,96,97
2018-11-12,106,1,107,106,107
2018-11-16,121,1,122,121,122
2018-11-24,160,1,161,164,165
2018-11-25,154,1,155,154,155
2018-11-26,110,1,111,110,111
2018-11-28,140,1,141,140,141
2018-11-30,149,1,150,149,150
2018-12-02,72,1,73,72,73
2018-12-13,99,1,100,99,100
2018-12-14,87,1,88,87,88
2018-12-17,160,1,161,165,166
2018-12-18,157,1,158,157,158
2018-12-19,131,1,132,131,132
2018-12-20,146,1,147,146,147
2018-12-21,159,1,160,159,160
2018-12-24,157,1,158,157,158
2018-12-27,155,1,156,155,156
2018-12-29,160,1,161,169,170
2018-12-31,153,1,154,153,154
2019-01-02,157,1,158,157,158
2019-01-04,160,1,161,162,163
2019-01-05,160,1,161,162,163
2019-01-09,160,1,161,171,172
2019-01-10,160,1,161,163,164
2019-01-11,145,1,146,145,146
2019-01-12,124,1,125,124,125
2019-01-16,125,1,126,125,126
2019-01-18,125,1,126,125,126
2019-01-21,96,1,97,96,97
2019-01-25,94,1,95,94,95
2019-02-01,141,1,142,141,142
2019-02-03,142,1,143,142,143
2019-02-07,141,1,142,141,142
2019-02-10,154,1,155,154,155
2019-02-12,160,1,161,161,162
2019-02-14,126,1,127,126,127
2019-02-16,139,1,140,139,140
2019-02-19,135,1,136,135,136
2019-02-20,139,1,140,139,140
2019-02-22,148,1,149,148,149
2019-02-23,119,1,120,119,120
2019-02-24,124,1,125,124,125
2019-02-26,122,1,123,122,123
2019-02-27,112,1,113,112,113
2019-03-01,126,1,127,126,127
2019-03-13,129,1,130,129,130
2019-03-26,89,1,90,89,90
2019-03-28,91,1,92,91,92
2019-03-29,82,1,83,82,83
2019-03-31,85,1,86,85,86
2019-04-01,97,1,98,97,98
2019-04-02,88,1,89,88,89
2019-04-05,97,1,98,97,98
2019-04-10,160,1,161,168,169
2019-04-17,160,1,161,168,169
2019-04-22,160,1,161,173,174
2019-04-27,155,1,156,155,156
2019-05-01,106,1,107,106,107
2019-05-03,110,1,111,110,111
2019-05-13,110,1,111,110,111
2019-05-19,56,1,57,56,57
2019-05-21,102,1,103,102,103
2019-05-26,96,1,97,96,97
2019-06-03,69,1,70,69,70
2019-06-04,62,1,63,62,63
2019-06-06,97,1,98,97,98
2019-06-11,123,1,124,123,124
2019-06-13,102,1,103,102,103
2019-06-24,107,1,108,107,108
2019-06-30,111,1,112,111,112
2019-07-01,89,1,90,89,90
2019-07-02,147,1,148,147,148
2019-07-11,160,1,161,172,173
2019-07-15,141,1,142,141,142
2019-07-18,160,1,161,171,172
2019-07-25,106,1,107,106,107
2019-07-26,135,1,136,135,136
2019-07-27,157,1,158,157,158
2019-07-28,160,1,161,168,169
2019-07-29,160,1,161,168,169
2019-07-30,158,1,159,158,159
2019-08-01,133,1,134,133,134
2019-08-07,143,1,144,143,144
2019-08-20,124,1,125,124,125
2019-08-21,119,1,120,119,120
2019-08-22,107,1,108,107,108
2019-08-26,106,1,107,106,107
2019-09-11,107,1,108,107,108
2019-09-24,142,1,143,142,143
2019-09-27,132,1,133,132,133
2019-09-29,132,1,133,132,133
2019-10-04,101,1,102,101,102
2019-10-05,141,1,142,141,142
2019-10-07,126,1,127,126,127
2019-10-08,131,1,132,131,132
2019-10-10,122,1,123,122,123
2019-10-15,76,1,77,76,77
2019-10-19,121,1,122,121,122
2019-10-20,108,1,109,108,109
2019-10-30,91,1,92,91,92
2019-10-31,96,1,97,96,97
2019-11-08,132,1,133,132,133
2019-11-10,92,1,93,92,93
2019-11-11,77,1,78,77,78
2019-11-12,118,1,119,118,119
2019-11-13,130,1,131,130,131
2019-11-24,105,1,106,105,106
2019-11-25,123,1,124,123,124
2019-12-02,118,1,119,118,119
2019-12-07,148,1,149,148,149
2019-12-08,111,1,112,111,112
2019-12-11,81,1,82,81,82
2019-12-21,160,1,161,177,178
2019-12-22,160,1,161,165,166
2019-12-23,160,1,161,169,170
2019-12-24,160,1,161,172,173
2020-01-02,166,1,167,166,167
2020-01-03,171,1,172,171,172
2020-01-04,174,1,175,174,175
2020-01-06,164,1,165,164,165
2020-01-08,169,1,170,169,170
2020-01-14,145,1,146,145,146
2020-01-25,166,1,167,166,167
2020-01-29,146,1,147,146,147
2020-01-31,117,1,118,117,118
2020-02-01,88,1,89,88,89
2020-02-07,65,1,66,65,66
2020-02-09,107,1,108,107,108
2020-02-14,128,1,129,128,129
2020-02-18,123,1,124,123,124
2020-02-19,117,1,118,117,118
2020-02-21,114,1,115,114,115
2020-02-23,69,1,70,69,70
2020-02-27,80,1,81,80,81
2020-02-28,99,1,100,99,100
2020-02-29,126,1,127,126,127
2020-03-04,100,1,101,100,101
2020-03-06,102,1,103,102,103
2020-03-07,142,1,143,142,143
2020-03-17,61,1,62,61,62
2020-07-07,65,1,66,65,66
2020-07-10,53,1,54,53,54
2020-07-21,71,1,72,71,72
2020-08-04,55,1,56,55,56
2020-08-07,40,1,41,40,41
2020-08-11,68,1,69,68,69
2020-09-11,122,1,123,122,123
2020-09-20,79,1,80,79,80
2020-09-27,91,1,92,91,92
2020-10-11,88,1,89,88,89
2020-10-16,76,1,77,76,77
2020-11-03,42,1,43,42,43
2020-11-10,64,1,65,64,65
2020-12-04,110,1,111,110,111
2020-12-18,110,1,111,110,111
2020-12-20,116,1,117,116,117
2020-12-27,116,1,117,116,117
2020-12-30,118,1,119,118,119
2021-01-06,109,1,110,109,110
2021-01-14,119,1,120,119,120
2021-01-15,57,1,58,57,58
2021-01-20,115,1,116,115,116
2021-01-24,122,1,123,122,123
2021-02-12,87,1,88,87,88
2021-02-14,107,1,108,107,108
2021-02-23,90,1,91,90,91
2021-03-05,90,1,91,90,91
2021-03-12,88,1,89,88,89
2021-04-02,100,1,101,100,101
2021-04-03,123,1,124,123,124
2021-04-06,112,1,113,112,113
2021-04-07,122,1,123,122,123
2021-04-09,115,1,116,115,116
2021-04-13,116,1,117,116,117
2021-04-15,111,1,112,111,112
2021-04-17,68,1,69,68,69
2021-04-25,79,1,80,79,80
2021-04-27,101,1,102,101,102
2021-05-04,116,1,117,116,117
2021-05-08,110,1,111,110,111
2021-05-18,116,1,117,116,117
2021-05-20,111,1,112,111,112
2021-05-28,109,1,110,109,110
2021-05-30,61,1,62,61,62
2021-05-31,62,1,63,62,63
2021-06-04,110,1,111,110,111
2021-06-07,91,1,92,91,92
2021-06-11,114,1,115,114,115
2021-06-12,111,1,112,111,112
2021-06-18,116,1,117,116,117
2021-06-24,110,1,111,110,111
2021-06-27,92,1,93,92,93
2021-06-30,96,1,97,96,97
2021-07-03,121,1,122,121,122
2021-07-08,85,1,86,85,86
2021-07-12,84,1,85,84,85
2021-07-14,82,1,83,82,83
2021-07-20,47,1,48,47,48
2021-07-31,57,1,58,57,58
2021-08-06,31,1,32,31,32
2021-08-25,43,1,44,43,44
2021-09-06,45,1,46,45,46
2021-09-14,89,1,90,89,90
2021-09-17,41,1,42,41,42
2021-09-18,37,1,38,37,38
2021-09-21,105,1,106,105,106
2021-09-26,79,1,80,79,80
2021-09-27,105,1,106,105,106
2021-10-04,87,1,88,87,88
2021-10-09,60,1,61,60,61
2021-10-18,54,1,55,54,55
2021-10-22,75,1,76,75,76
2021-10-27,56,1,57,56,57
2021-11-20,66,1,67,66,67
2021-12-11,55,1,56,55,56
2021-12-15,67,1,68,67,68
2021-12-20,144,1,145,144,145
2021-12-26,139,1,140,139,140
2021-12-29,143,1,144,143,144
2022-01-05,152,1,153,152,153
2022-01-29,101,1,102,101,102
2022-02-01,63,1,64,63,64
2022-02-11,102,1,103,102,103
2022-02-19,119,1,120,119,120
2022-03-02,58,1,59,58,59
2022-03-11,139,1,140,139,140
2022-03-29,143,1,144,143,144
2022-04-01,94,1,95,94,95
2022-04-07,119,1,120,119,120
2022-04-08,144,1,145,144,145
2022-04-10,151,1,152,151,152
2022-04-12,144,1,145,144,145
2022-04-16,147,1,148,147,148
2022-04-21,142,1,143,142,143
2022-04-22,131,1,132,131,132
2022-04-26,131,1,132,131,132
2022-06-24,136,1,137,136,137
2022-06-25,143,1,144,143,144
2022-06-30,129,1,130,129,130
2022-07-02,149,1,150,149,150
2022-07-08,140,1,141,140,141
2022-07-09,135,1,136,135,136
2022-07-12,148,1,149,148,149
2022-07-13,144,1,145,144,145
2022-07-16,145,1,146,145,146
2022-08-02,85,1,86,85,86
2022-08-04,140,1,141,140,141
2022-08-18,150,1,151,150,151
2022-08-20,160,1,161,160,161
2022-09-11,141,1,142,141,142
2022-09-13,146,1,147,146,147
2022-09-16,146,1,147,146,147
2022-09-19,143,1,144,143,144
2022-09-20,152,1,153,152,153
2022-09-30,154,1,155,154,155
2022-10-01,157,1,158,157,158
2022-10-17,152,1,153,152,153
2022-10-19,149,1,150,149,150
2022-10-20,146,1,147,146,147
2022-11-01,159,1,160,159,160
2022-11-03,136,1,137,136,137
2022-11-04,141,1,142,141,142
2022-11-12,156,1,157,156,157
2022-11-13,156,1,157,156,157
2022-11-14,155,1,156,155,156
2022-11-17,154,1,155,154,155
2022-11-23,164,1,165,164,165
2022-11-29,145,1,146,145,146
2022-12-07,124,1,125,124,125
2022-12-23,142,1,143,142,143
2022-12-28,154,1,155,154,155
2022-12-29,160,1,161,160,161
2022-12-31,153,1,154,153,154
2023-01-13,155,1,156,155,156
2023-01-21,158,1,159,158,159
2023-01-22,153,1,154,153,154
2023-01-23,159,1,160,159,160
2023-01-26,152,1,153,152,153
2023-01-27,145,1,146,145,146
2023-01-28,133,1,134,133,134
2023-02-03,94,1,95,94,95
2023-02-06,102,1,103,102,103
2023-02-08,102,1,103,102,103
2023-02-15,112,1,113,112,113
2023-02-24,147,1,148,147,148
2023-02-26,118,1,119,118,119
2023-03-16,156,1,157,156,157
2023-03-22,139,1,140,139,140
2023-04-01,153,1,154,153,154
2023-04-06,153,1,154,153,154
2023-04-09,153,1,154,153,154
2023-04-12,145,1,146,145,146
2023-04-15,146,1,147,146,147
2023-04-22,141,1,142,141,142
2023-04-28,129,1,130,129,130
2023-05-03,138,1,139,138,139
2023-05-09,102,1,103,102,103
2023-06-06,144,1,145,144,145
2023-06-10,113,1,114,113,114
2023-06-11,123,1,124,123,124
2023-06-12,123,1,124,123,124
2023-06-22,106,1,107,106,107
2023-07-09,144,1,145,144,145
2023-07-18,147,1,148,147,148
2023-07-30,155,1,156,155,156
2023-08-19,152,1,153,152,153
2023-08-26,73,1,74,73,74
2023-08-31,127,1,128,127,128
2023-09-01,122,1,123,122,123
2023-09-11,146,1,147,146,147
2023-09-16,110,1,111,110,111
2023-09-19,144,1,145,144,145
2023-09-22,145,1,146,145,146
2023-09-23,142,1,143,142,143
2023-09-24,117,1,118,117,118
2023-09-29,142,1,143,142,143
2023-09-30,145,1,146,145,146
2023-10-03,158,1,159,158,159
2023-10-08,150,1,151,150,151
2023-10-13,124,1,125,124,125
2023-10-20,158,1,159,158,159
2023-10-21,157,1,158,157,158
2023-10-24,155,1,156,155,156
2023-10-28,148,1,149,148,149
2023-10-29,151,1,152,151,152
2023-10-30,148,1,149,148,149
2023-10-31,130,1,131,130,131
2023-11-02,148,1,149,148,149
2023-11-08,154,1,155,154,155
2023-11-13,158,1,159,158,159
2023-11-16,149,1,150,149,150
2023-11-17,160,1,161,160,161
2023-11-18,158,1,159,158,159
2023-11-19,159,1,160,159,160
2023-11-20,161,1,162,161,162
2023-11-23,157,1,158,157,158
2023-11-24,162,1,163,162,163
2023-11-25,155,1,156,155,156
2023-11-26,152,1,153,152,153
2023-11-29,159,1,160,159,160
2023-12-01,150,1,151,150,151
2023-12-05,152,1,153,152,153
2023-12-06,119,1,120,119,120
2023-12-29,161,1,162,161,162
2024-01-04,164,1,165,164,165
2024-01-29,100,1,101,100,101
2024-02-01,83,1,84,83,84
2024-02-06,100,1,101,100,101
2024-02-08,102,1,103,102,103
2024-02-10,153,1,154,153,154
2024-02-25,126,1,127,126,127
2024-03-01,133,1,134,133,134
2024-03-06,145,1,146,145,146
2024-03-08,94,1,95,94,95
2024-03-12,118,1,119,118,119
2024-03-13,138,1,139,138,139
2024-04-25,142,1,143,142,143
2024-04-27,146,1,147,146,147
2024-04-28,95,1,96,95,96
2024-05-14,107,1,108,107,108
2024-05-18,127,1,128,127,128
2024-05-26,93,1,94,93,94
2024-06-25,127,1,128,127,128
2024-06-30,144,1,145,144,145
2024-07-07,135,1,136,135,136
2024-07-17,148,1,149,148,149
2024-07-21,143,1,144,143,144
2024-07-25,133,1,134,133,134
2024-08-02,107,1,108,107,108
2024-08-05,138,1,139,138,139
2024-08-10,150,1,151,150,151
2024-08-13,150,1,151,150,151
2024-08-18,158,1,159,158,159
2024-09-22,158,1,159,158,159
2024-09-28,145,1,146,145,146
2024-10-06,153,1,154,153,154
2024-10-08,158,1,159,158,159
2024-11-12,141,1,142,141,142
2024-11-21,147,1,148,147,148
2024-11-28,141,1,142,141,142
2024-12-02,106,1,107,106,107
2024-12-09,118,1,119,118,119
2024-12-10,146,1,147,146,147
2024-12-11,135,1,136,135,136
2024-12-14,106,1,107,106,107
2024-12-26,155,1,156,155,156
2024-12-29,153,1,154,153,154
2025-01-09,147,1,148,147,148
2025-01-10,164,1,165,164,165
2025-01-11,159,1,160,159,160
2025-01-27,136,1,137,136,137
2025-02-03,102,1,103,102,103
2025-02-06,77,1,78,77,78
2025-02-15,137,1,138,137,138
2025-03-05,109,1,110,109,110
2025-03-08,153,1,154,153,154
2025-03-10,105,1,106,105,106
2025-03-15,145,1,146,145,146
2025-03-18,111,1,112,111,112
2025-03-22,136,1,137,136,137
2025-03-25,93,1,94,93,94
2025-04-06,133,1,134,133,134
2025-04-09,142,1,143,142,143
2025-04-12,114,1,115,114,115
2025-04-15,145,1,146,145,146
2025-04-20,152,1,153,152,153
2025-04-27,155,1,156,155,156
2025-05-03,118,1,119,118,119
2025-05-14,143,1,144,143,144
2025-05-26,111,1,112,111,112
2025-05-30,111,1,112,111,112
2025-06-09,118,1,119,118,119
2025-06-14,135,1,136,135,136
2025-07-06,139,1,140,139,140
2025-07-08,154,1,155,154,155
2025-07-11,160,1,161,160,161
2025-07-19,157,1,158,157,158
2025-07-31,154,1,155,154,155
2025-08-11,145,1,146,145,146
2025-08-17,139,1,140,139,140
2025-10-17,94,1,95,94,95
2025-11-25,142,1,143,142,143
2025-12-10,108,1,109,108,109
2025-12-13,131,1,132,131,132
2026-01-31,152,1,153,152,153
2026-02-13,123,1,124,123,124
2026-02-16,92,1,93,92,93
2026-02-26,80,1,81,80,81
2026-03-10,106,1,107,106,107
2026-03-12,84,1,85,84,85
2026-03-27,100,1,101,100,101
2026-04-29,104,1,105,104,105
2026-05-02,135,1,136,135,136
2026-05-03,146,1,147,146,147
2026-05-04,146,1,147,146,147
2026-05-06,106,1,107,106,107
2026-05-09,144,1,145,144,145
2026-05-11,136,1,137,136,137
2026-05-13,80,1,81,80,81
2026-05-16,111,1,112,111,112
2026-05-19,149,1,150,149,150
2026-05-20,133,1,134,133,134
2026-05-25,146,1,147,146,147
2026-05-27,144,1,145,144,145
2026-05-29,107,1,108,107,108
2018-01-09,160,2,162,165,167
2018-01-18,109,2,111,109,111
2018-01-20,137,2,139,137,139
2018-01-21,132,2,134,132,134
2018-01-22,103,2,105,103,105
2018-01-26,131,2,133,131,133
2018-01-27,121,2,123,121,123
2018-01-30,100,2,102,100,102
2018-02-14,160,2,162,162,164
2018-02-20,160,2,162,163,165
2018-03-11,104,2,106,104,106
2018-03-28,135,2,137,135,137
2018-04-18,90,2,92,90,92
2018-04-28,76,2,78,76,78
2018-06-12,140,2,142,140,142
2018-06-22,122,2,124,122,124
2018-06-30,136,2,138,136,138
2018-08-15,96,2,98,96,98
2018-08-18,155,2,157,155,157
2018-08-25,150,2,152,150,152
2018-09-07,144,2,146,144,146
2018-09-17,111,2,113,111,113
2018-09-20,152,2,154,152,154
2018-10-03,156,2,158,156,158
2018-10-05,160,2,162,165,167
2018-10-26,129,2,131,129,131
2018-10-27,36,2,38,36,38
2018-10-29,86,2,88,86,88
2018-11-02,47,2,49,47,49
2018-11-05,117,2,119,117,119
2018-11-15,135,2,137,135,137
2018-11-18,121,2,123,121,123
2018-12-12,121,2,123,121,123
2018-12-23,160,2,162,169,171
2018-12-28,160,2,162,170,172
2019-01-06,160,2,162,163,165
2019-01-27,125,2,127,125,127
2019-02-05,125,2,127,125,127
2019-02-08,160,2,162,160,162
2019-03-18,63,2,65,63,65
2019-03-25,100,2,102,100,102
2019-03-27,121,2,123,121,123
2019-04-04,81,2,83,81,83
2019-04-15,142,2,144,142,144
2019-04-16,160,2,162,165,167
2019-04-19,160,2,162,168,170
2019-04-20,156,2,158,156,158
2019-05-04,89,2,91,89,91
2019-05-10,58,2,60,58,60
2019-05-25,149,2,151,149,151
2019-05-28,78,2,80,78,80
2019-06-01,75,2,77,75,77
2019-06-08,74,2,76,74,76
2019-06-10,92,2,94,92,94
2019-06-23,74,2,76,74,76
2019-07-04,158,2,160,158,160
2019-07-05,156,2,158,156,158
2019-07-16,160,2,162,160,162
2019-07-17,160,2,162,161,163
2019-07-20,139,2,141,139,141
2019-07-22,160,2,162,161,163
2019-07-31,106,2,108,106,108
2019-08-05,133,2,135,133,135
2019-08-06,110,2,112,110,112
2019-08-10,160,2,162,163,165
2019-08-12,135,2,137,135,137
2019-08-23,128,2,130,128,130
2019-08-29,89,2,91,89,91
2019-09-07,153,2,155,153,155
2019-09-08,134,2,136,134,136
2019-09-16,98,2,100,98,100
2019-09-22,75,2,77,75,77
2019-09-30,160,2,162,168,170
2019-10-14,75,2,77,75,77
2019-10-17,93,2,95,93,95
2019-10-28,94,2,96,94,96
2019-11-09,147,2,149,147,149
2019-11-14,141,2,143,141,143
2019-11-16,159,2,161,159,161
2019-11-26,147,2,149,147,149
2019-12-01,148,2,150,148,150
2019-12-03,106,2,108,106,108
2019-12-13,117,2,119,117,119
2019-12-19,138,2,140,138,140
2020-01-05,161,2,163,161,163
2020-01-07,162,2,164,162,164
2020-01-09,142,2,144,142,144
2020-01-18,137,2,139,137,139
2020-01-19,103,2,105,103,105
2020-01-21,157,2,159,157,159
2020-02-05,118,2,120,118,120
2020-02-10,116,2,118,116,118
2020-02-12,91,2,93,91,93
2020-02-20,96,2,98,96,98
2020-03-01,77,2,79,77,79
2020-03-03,93,2,95,93,95
2020-03-10,150,2,152,150,152
2020-03-11,118,2,120,118,120
2020-08-16,81,2,83,81,83
2020-08-25,66,2,68,66,68
2020-10-23,91,2,93,91,93
2020-10-30,91,2,93,91,93
2020-11-06,84,2,86,84,86
2020-11-13,70,2,72,70,72
2020-11-15,100,2,102,100,102
2020-12-28,122,2,124,122,124
2021-01-08,123,2,125,123,125
2021-01-26,120,2,122,120,122
2021-01-31,34,2,36,34,36
2021-03-15,97,2,99,97,99
2021-03-16,112,2,114,112,114
2021-03-19,117,2,119,117,119
2021-03-23,119,2,121,119,121
2021-03-24,121,2,123,121,123
2021-04-08,107,2,109,107,109
2021-04-14,93,2,95,93,95
2021-04-16,100,2,102,100,102
2021-04-23,115,2,117,115,117
2021-05-01,115,2,117,115,117
2021-05-07,115,2,117,115,117
2021-05-24,61,2,63,61,63
2021-06-19,112,2,114,112,114
2021-06-20,86,2,88,86,88
2021-06-22,108,2,110,108,110
2021-07-06,117,2,119,117,119
2021-07-17,117,2,119,117,119
2021-07-27,54,2,56,54,56
2021-08-21,33,2,35,33,35
2021-09-07,48,2,50,48,50
2021-09-24,73,2,75,73,75
2021-10-05,47,2,49,47,49
2021-10-30,94,2,96,94,96
2021-11-05,54,2,56,54,56
2021-11-06,73,2,75,73,75
2021-11-13,75,2,77,75,77
2021-11-27,65,2,67,65,67
2021-11-30,80,2,82,80,82
2021-12-10,40,2,42,40,42
2021-12-17,68,2,70,68,70
2021-12-23,86,2,88,86,88
2021-12-31,148,2,150,148,150
2022-01-02,144,2,146,144,146
2022-01-03,144,2,146,144,146
2022-01-04,152,2,154,152,154
2022-01-13,133,2,135,133,135
2022-01-21,106,2,108,106,108
2022-01-22,112,2,114,112,114
2022-03-12,142,2,144,142,144
2022-03-14,35,2,37,35,37
2022-03-18,117,2,119,117,119
2022-04-13,143,2,145,143,145
2022-04-17,143,2,145,143,145
2022-05-06,143,2,145,143,145
2022-05-14,145,2,147,145,147
2022-06-02,138,2,140,138,140
2022-07-17,136,2,138,136,138
2022-07-29,138,2,140,138,140
2022-08-17,142,2,144,142,144
2022-08-27,90,2,92,90,92
2022-08-30,115,2,117,115,117
2022-09-24,143,2,145,143,145
2022-10-04,142,2,144,142,144
2022-10-14,142,2,144,142,144
2022-10-29,148,2,150,148,150
2022-10-31,158,2,160,158,160
2022-11-16,135,2,137,135,137
2022-12-04,141,2,143,141,143
2023-01-02,164,2,166,164,166
2023-02-02,139,2,141,139,141
2023-02-04,92,2,94,92,94
2023-02-14,128,2,130,128,130
2023-02-23,150,2,152,150,152
2023-02-25,135,2,137,135,137
2023-03-04,143,2,145,143,145
2023-03-11,154,2,156,154,156
2023-03-20,152,2,154,152,154
2023-03-25,148,2,150,148,150
2023-03-31,155,2,157,155,157
2023-04-04,151,2,153,151,153
2023-04-05,151,2,153,151,153
2023-04-10,149,2,151,149,151
2023-04-21,141,2,143,141,143
2023-05-10,87,2,89,87,89
2023-06-21,89,2,91,89,91
2023-07-16,134,2,136,134,136
2023-07-22,151,2,153,151,153
2023-09-03,122,2,124,122,124
2023-09-12,114,2,116,114,116
2023-10-10,145,2,147,145,147
2023-10-19,146,2,148,146,148
2023-10-23,163,2,165,163,165
2023-10-26,161,2,163,161,163
2023-11-05,159,2,161,159,161
2023-11-12,156,2,158,156,158
2023-11-27,151,2,153,151,153
2023-12-03,155,2,157,155,157
2024-01-07,164,2,166,164,166
2024-01-16,104,2,106,104,106
2024-01-21,76,2,78,76,78
2024-03-15,152,2,154,152,154
2024-04-11,106,2,108,106,108
2024-04-26,148,2,150,148,150
2024-05-13,140,2,142,140,142
2024-05-24,104,2,106,104,106
2024-05-25,144,2,146,144,146
2024-06-02,111,2,113,111,113
2024-06-08,146,2,148,146,148
2024-06-10,115,2,117,115,117
2024-06-21,135,2,137,135,137
2024-06-28,119,2,121,119,121
2024-07-10,158,2,160,158,160
2024-08-11,108,2,110,108,110
2024-08-17,156,2,158,156,158
2024-09-26,120,2,122,120,122
2024-09-29,146,2,148,146,148
2024-10-02,131,2,133,131,133
2024-10-15,113,2,115,113,115
2024-10-23,150,2,152,150,152
2024-11-02,131,2,133,131,133
2024-11-24,149,2,151,149,151
2024-12-05,142,2,144,142,144
2024-12-22,158,2,160,158,160
2025-01-12,157,2,159,157,159
2025-01-17,108,2,110,108,110
2025-01-22,138,2,140,138,140
2025-02-07,76,2,78,76,78
2025-02-08,127,2,129,127,129
2025-04-21,158,2,160,158,160
2025-04-26,151,2,153,151,153
2025-05-22,143,2,145,143,145
2025-06-04,113,2,115,113,115
2025-06-28,148,2,150,148,150
2025-06-29,118,2,120,118,120
2025-07-01,146,2,148,146,148
2025-07-15,159,2,161,159,161
2025-07-25,156,2,158,156,158
2025-08-12,124,2,126,124,126
2025-08-13,143,2,145,143,145
2025-08-16,142,2,144,142,144
2025-11-16,152,2,154,152,154
2025-11-30,148,2,150,148,150
2026-02-10,123,2,125,123,125
2026-03-24,151,2,153,151,153
2026-05-23,153,2,155,153,155
2026-06-04,75,2,77,75,77
2018-01-06,156,3,159,156,159
2018-02-09,129,3,132,129,132
2018-04-08,160,3,163,162,165
2018-05-02,109,3,112,109,112
2018-07-21,160,3,163,161,164
2018-07-23,100,3,103,100,103
2018-07-25,107,3,110,107,110
2018-07-29,132,3,135,132,135
2018-08-11,111,3,114,111,114
2018-09-01,107,3,110,107,110
2018-09-19,91,3,94,91,94
2018-09-28,156,3,159,156,159
2018-10-02,157,3,160,157,160
2018-10-06,159,3,162,159,162
2018-10-16,124,3,127,124,127
2018-10-21,141,3,144,141,144
2018-10-23,105,3,108,105,108
2018-10-24,113,3,116,113,116
2018-11-08,138,3,141,138,141
2018-11-14,134,3,137,134,137
2018-12-26,160,3,163,162,165
2019-01-17,160,3,163,165,168
2019-01-23,128,3,131,128,131
2019-01-24,137,3,140,137,140
2019-01-28,109,3,112,109,112
2019-02-06,141,3,144,141,144
2019-03-15,122,3,125,122,125
2019-03-16,131,3,134,131,134
2019-04-23,160,3,163,164,167
2019-04-25,160,3,163,173,176
2019-05-31,67,3,70,67,70
2019-07-07,160,3,163,168,171
2019-07-14,148,3,151,148,151
2019-08-25,98,3,101,98,101
2019-08-28,101,3,104,101,104
2019-09-15,81,3,84,81,84
2019-09-25,144,3,147,144,147
2019-09-26,98,3,101,98,101
2019-10-09,121,3,124,121,124
2019-11-18,132,3,135,132,135
2019-11-21,130,3,133,130,133
2019-12-10,107,3,110,107,110
2019-12-15,110,3,113,110,113
2019-12-30,160,3,163,168,171
2020-01-10,155,3,158,155,158
2020-01-16,128,3,131,128,131
2020-01-20,161,3,164,161,164
2020-01-22,152,3,155,152,155
2020-01-23,130,3,133,130,133
2020-01-24,172,3,175,172,175
2020-01-26,112,3,115,112,115
2020-02-08,103,3,106,103,106
2020-03-15,115,3,118,115,118
2020-03-16,92,3,95,92,95
2020-03-21,49,3,52,49,52
2020-03-24,35,3,38,35,38
2020-08-23,98,3,101,98,101
2020-10-18,92,3,95,92,95
2020-10-20,71,3,74,71,74
2020-10-27,63,3,66,63,66
2020-11-01,89,3,92,89,92
2020-12-08,116,3,119,116,119
2020-12-31,116,3,119,116,119
2021-01-04,111,3,114,111,114
2021-03-28,101,3,104,101,104
2021-04-10,113,3,116,113,116
2021-04-24,104,3,107,104,107
2021-05-25,106,3,109,106,109
2021-06-01,61,3,64,61,64
2021-06-29,112,3,115,112,115
2021-07-04,112,3,115,112,115
2021-07-16,122,3,125,122,125
2021-08-31,53,3,56,53,56
2021-09-25,108,3,111,108,111
2021-10-16,60,3,63,60,63
2021-10-20,66,3,69,66,69
2021-10-26,67,3,70,67,70
2021-11-12,66,3,69,66,69
2022-01-18,134,3,137,134,137
2022-02-04,93,3,96,93,96
2022-03-25,136,3,139,136,139
2022-04-15,145,3,148,145,148
2022-04-18,138,3,141,138,141
2022-04-19,147,3,150,147,150
2022-06-03,136,3,139,136,139
2022-06-14,147,3,150,147,150
2022-07-25,142,3,145,142,145
2022-08-05,142,3,145,142,145
2022-08-15,153,3,156,153,156
2022-09-12,144,3,147,144,147
2022-09-18,146,3,149,146,149
2022-10-02,153,3,156,153,156
2022-10-13,149,3,152,149,152
2022-11-05,142,3,145,142,145
2022-12-17,156,3,159,156,159
2022-12-24,156,3,159,156,159
2023-01-03,152,3,155,152,155
2023-02-05,85,3,88,85,88
2023-03-08,148,3,151,148,151
2023-03-10,144,3,147,144,147
2023-03-17,154,3,157,154,157
2023-04-14,157,3,160,157,160
2023-06-16,126,3,129,126,129
2023-09-05,131,3,134,131,134
2023-09-21,163,3,166,163,166
2023-10-12,133,3,136,133,136
2023-10-15,139,3,142,139,142
2023-11-03,146,3,149,146,149
2023-11-15,157,3,160,157,160
2023-12-27,151,3,154,151,154
2024-02-13,119,3,122,119,122
2024-03-07,144,3,147,144,147
2024-03-30,136,3,139,136,139
2024-05-07,144,3,147,144,147
2024-10-10,129,3,132,129,132
2024-10-18,146,3,149,146,149
2024-10-21,152,3,155,152,155
2024-11-08,144,3,147,144,147
2024-11-19,157,3,160,157,160
2025-04-25,152,3,155,152,155
2025-05-12,136,3,139,136,139
2025-06-22,108,3,111,108,111
2025-12-01,152,3,155,152,155
2018-01-05,160,5,165,171,176
2018-03-04,73,25,98,73,98
2018-03-31,158,4,162,158,162
2018-08-12,160,5,165,162,167
2018-09-15,103,6,109,103,109
2018-09-16,129,10,139,129,139
2018-09-29,160,4,164,163,167
2018-10-07,149,4,153,149,153
2018-10-12,122,11,133,122,133
2018-11-20,127,4,131,127,131
2019-02-13,145,4,149,145,149
2019-04-21,160,5,165,162,167
2019-04-24,160,4,164,163,167
2019-04-26,160,4,164,164,168
2019-05-18,75,4,79,75,79
2019-08-08,160,5,165,162,167
2019-08-30,93,7,100,93,100
2019-09-06,130,5,135,130,135
2019-09-14,108,4,112,108,112
2019-09-19,97,5,102,97,102
2019-09-20,117,5,122,117,122
2019-10-13,75,9,84,75,84
2019-11-19,89,4,93,89,93
2019-11-27,146,4,150,146,150
2019-11-28,141,4,145,141,145
2019-12-14,133,5,138,133,138
2019-12-26,160,4,164,164,168
2019-12-29,160,6,166,164,170
2020-01-11,163,4,167,163,167
2020-01-13,157,4,161,157,161
2020-01-27,122,4,126,122,126
2020-02-13,116,4,120,116,120
2020-02-16,102,4,106,102,106
2020-02-26,115,5,120,115,120
2020-03-08,68,4,72,68,72
2020-08-14,107,16,123,107,123
2020-09-29,101,6,107,101,107
2020-10-25,106,7,113,106,113
2020-12-06,104,8,112,104,112
2021-02-21,50,5,55,50,55
2021-03-09,109,4,113,109,113
2021-03-21,119,4,123,119,123
2021-04-04,112,6,118,112,118
2021-04-05,109,4,113,109,113
2021-05-14,114,4,118,114,118
2021-06-13,111,4,115,111,115
2021-06-26,111,4,115,111,115
2021-10-01,95,4,99,95,99
2021-10-12,76,5,81,76,81
2021-10-23,55,6,61,55,61
2021-12-27,147,4,151,147,151
2021-12-28,149,4,153,149,153
2022-01-14,138,4,142,138,142
2022-01-19,145,5,150,145,150
2022-01-25,140,5,145,140,145
2022-02-18,63,7,70,63,70
2022-03-26,137,9,146,137,146
2022-04-06,121,4,125,121,125
2022-04-14,144,4,148,144,148
2022-05-28,135,5,140,135,140
2022-06-04,142,6,148,142,148
2022-06-08,111,7,118,111,118
2022-06-11,132,5,137,132,137
2022-07-18,135,5,140,135,140
2022-07-21,134,8,142,134,142
2022-09-17,135,5,140,135,140
2022-10-30,141,6,147,141,147
2022-12-27,150,5,155,150,155
2023-03-23,158,4,162,158,162
2023-05-04,148,5,153,148,153
2023-06-20,138,5,143,138,143
2023-07-14,139,4,143,139,143
2023-10-06,153,4,157,153,157
2023-10-09,105,18,123,105,123
2023-10-25,154,4,158,154,158
2023-11-07,144,4,148,144,148
2023-11-10,153,6,159,153,159
2024-03-21,109,4,113,109,113
2024-05-03,99,4,103,99,103
2024-05-11,68,4,72,68,72
2024-05-21,146,4,150,146,150
2024-07-27,143,4,147,143,147
2024-11-09,139,5,144,139,144
2024-11-13,131,7,138,131,138
2024-11-18,140,4,144,140,144
2024-12-15,133,4,137,133,137
2025-07-21,150,5,155,150,155
2025-08-09,145,4,149,145,149
2026-01-16,107,6,113,107,113
2026-01-23,148,6,154,148,154
