date,boat_raw,passengers,foc,total_raw,total
2018-01-01,0,0,0,0,0
2018-01-02,168,160,1,169,161
2018-01-03,163,160,1,164,161
2018-01-04,164,160,1,165,161
2018-01-05,171,160,5,176,165
2018-01-06,156,156,3,159,159
2018-01-07,160,160,1,161,161
2018-01-08,166,160,1,167,161
2018-01-09,165,160,2,167,162
2018-01-10,167,160,1,168,161
2018-01-11,166,160,0,166,160
2018-01-12,125,125,1,126,126
2018-01-13,131,131,1,132,132
2018-01-14,160,160,1,161,161
2018-01-15,132,132,0,132,132
2018-01-16,167,160,1,168,161
2018-01-17,91,91,0,91,91
2018-01-18,109,109,2,111,111
2018-01-19,143,143,0,143,143
2018-01-20,137,137,2,139,139
2018-01-21,132,132,2,134,134
2018-01-22,103,103,2,105,105
2018-01-23,146,146,0,146,146
2018-01-24,161,160,1,162,161
2018-01-25,162,160,0,162,160
2018-01-26,131,131,2,133,133
2018-01-27,121,121,2,123,123
2018-01-28,128,128,0,128,128
2018-01-29,122,122,0,122,122
2018-01-30,100,100,2,102,102
2018-01-31,94,94,0,94,94
2018-02-01,153,153,0,153,153
2018-02-02,146,146,1,147,147
2018-02-03,131,131,0,131,131
2018-02-04,105,105,0,105,105
2018-02-05,116,116,0,116,116
2018-02-06,137,137,1,138,138
2018-02-07,128,128,0,128,128
2018-02-08,117,117,0,117,117
2018-02-09,129,129,3,132,132
2018-02-10,163,160,1,164,161
2018-02-11,166,160,1,167,161
2018-02-12,162,160,1,163,161
2018-02-13,168,160,0,168,160
2018-02-14,162,160,2,164,162
2018-02-15,168,160,1,169,161
2018-02-16,164,160,0,164,160
2018-02-17,155,155,1,156,156
2018-02-18,155,155,1,156,156
2018-02-19,163,160,0,163,160
2018-02-20,163,160,2,165,162
2018-02-21,156,156,1,157,157
2018-02-22,165,160,0,165,160
2018-02-23,162,160,0,162,160
2018-02-24,141,141,0,141,141
2018-02-25,118,118,0,118,118
2018-02-26,154,154,0,154,154
2018-02-27,110,110,0,110,110
2018-02-28,141,141,0,141,141
2018-03-01,73,73,1,74,74
2018-03-02,99,99,0,99,99
2018-03-03,111,111,0,111,111
2018-03-04,73,73,25,98,98
2018-03-05,131,131,0,131,131
2018-03-06,94,94,1,95,95
2018-03-07,122,122,0,122,122
2018-03-08,124,124,1,125,125
2018-03-09,0,0,0,0,0
2018-03-10,107,107,0,107,107
2018-03-11,104,104,2,106,106
2018-03-12,143,143,1,144,144
2018-03-13,123,123,1,124,124
2018-03-14,77,77,0,77,77
2018-03-15,101,101,0,101,101
2018-03-16,122,122,0,122,122
2018-03-17,102,102,1,103,103
2018-03-18,91,91,0,91,91
2018-03-19,92,92,0,92,92
2018-03-20,65,65,0,65,65
2018-03-21,122,122,0,122,122
2018-03-22,130,130,0,130,130
2018-03-23,133,133,0,133,133
2018-03-24,98,98,0,98,98
2018-03-25,114,114,1,115,115
2018-03-26,88,88,0,88,88
2018-03-27,135,135,0,135,135
2018-03-28,135,135,2,137,137
2018-03-29,126,126,1,127,127
2018-03-30,164,160,0,164,160
2018-03-31,158,158,4,162,162
2018-04-01,168,160,0,168,160
2018-04-02,154,154,0,154,154
2018-04-03,127,127,0,127,127
2018-04-04,164,160,0,164,160
2018-04-05,167,160,1,168,161
2018-04-06,165,160,0,165,160
2018-04-07,164,160,1,165,161
2018-04-08,162,160,3,165,163
2018-04-09,107,107,0,107,107
2018-04-10,81,81,0,81,81
2018-04-11,76,76,1,77,77
2018-04-12,88,88,0,88,88
2018-04-13,117,117,1,118,118
2018-04-14,128,128,0,128,128
2018-04-15,77,77,0,77,77
2018-04-16,97,97,0,97,97
2018-04-17,156,156,1,157,157
2018-04-18,90,90,2,92,92
2018-04-19,120,120,0,120,120
2018-04-20,167,160,1,168,161
2018-04-21,87,87,1,88,88
2018-04-22,70,70,1,71,71
2018-04-23,144,144,0,144,144
2018-04-24,118,118,0,118,118
2018-04-25,118,118,1,119,119
2018-04-26,123,123,0,123,123
2018-04-27,108,108,0,108,108
2018-04-28,76,76,2,78,78
2018-04-29,102,102,0,102,102
2018-04-30,76,76,0,76,76
2018-05-01,77,77,0,77,77
2018-05-02,109,109,3,112,112
2018-05-03,134,134,1,135,135
2018-05-04,128,128,1,129,129
2018-05-05,89,89,1,90,90
2018-05-06,59,59,0,59,59
2018-05-07,108,108,0,108,108
2018-05-08,119,119,1,120,120
2018-05-09,82,82,0,82,82
2018-05-10,108,108,1,109,109
2018-05-11,106,106,0,106,106
2018-05-12,60,60,0,60,60
2018-05-13,125,125,0,125,125
2018-05-14,121,121,1,122,122
2018-05-15,88,88,0,88,88
2018-05-16,117,117,1,118,118
2018-05-17,63,63,0,63,63
2018-05-18,91,91,0,91,91
2018-05-19,95,95,0,95,95
2018-05-20,104,104,0,104,104
2018-05-21,54,54,0,54,54
2018-05-22,117,117,0,117,117
2018-05-23,0,0,0,0,0
2018-05-24,0,0,0,0,0
2018-05-25,0,0,0,0,0
2018-05-26,169,160,1,170,161
2018-05-27,90,90,1,91,91
2018-05-28,119,119,1,120,120
2018-05-29,110,110,0,110,110
2018-05-30,61,61,1,62,62
2018-05-31,76,76,0,76,76
2018-06-01,78,78,0,78,78
2018-06-02,67,67,0,67,67
2018-06-03,61,61,0,61,61
2018-06-04,125,125,0,125,125
2018-06-05,109,109,0,109,109
2018-06-06,77,77,0,77,77
2018-06-07,73,73,1,74,74
2018-06-08,67,67,0,67,67
2018-06-09,71,71,0,71,71
2018-06-10,59,59,0,59,59
2018-06-11,103,103,1,104,104
2018-06-12,140,140,2,142,142
2018-06-13,160,160,1,161,161
2018-06-14,98,98,0,98,98
2018-06-15,97,97,0,97,97
2018-06-16,97,97,0,97,97
2018-06-17,98,98,0,98,98
2018-06-18,101,101,0,101,101
2018-06-19,87,87,1,88,88
2018-06-20,111,111,0,111,111
2018-06-21,111,111,1,112,112
2018-06-22,122,122,2,124,124
2018-06-23,89,89,0,89,89
2018-06-24,75,75,1,76,76
2018-06-25,114,114,1,115,115
2018-06-26,96,96,0,96,96
2018-06-27,156,156,0,156,156
2018-06-28,95,95,0,95,95
2018-06-29,110,110,0,110,110
2018-06-30,136,136,2,138,138
2018-07-01,62,62,0,62,62
2018-07-02,154,154,1,155,155
2018-07-03,119,119,0,119,119
2018-07-04,129,129,0,129,129
2018-07-05,171,160,0,171,160
2018-07-06,162,160,0,162,160
2018-07-07,166,160,0,166,160
2018-07-08,159,159,1,160,160
2018-07-09,165,160,0,165,160
2018-07-10,141,141,0,141,141
2018-07-11,143,143,1,144,144
2018-07-12,153,153,0,153,153
2018-07-13,157,157,1,158,158
2018-07-14,157,157,0,157,157
2018-07-15,123,123,1,124,124
2018-07-16,165,160,1,166,161
2018-07-17,169,160,0,169,160
2018-07-18,88,88,0,88,88
2018-07-19,140,140,0,140,140
2018-07-20,168,160,0,168,160
2018-07-21,161,160,3,164,163
2018-07-22,117,117,0,117,117
2018-07-23,100,100,3,103,103
2018-07-24,109,109,0,109,109
2018-07-25,107,107,3,110,110
2018-07-26,122,122,0,122,122
2018-07-27,108,108,1,109,109
2018-07-28,151,151,0,151,151
2018-07-29,132,132,3,135,135
2018-07-30,136,136,0,136,136
2018-07-31,112,112,0,112,112
2018-08-01,91,91,0,91,91
2018-08-02,94,94,0,94,94
2018-08-03,148,148,1,149,149
2018-08-04,115,115,1,116,116
2018-08-05,111,111,1,112,112
2018-08-06,156,156,0,156,156
2018-08-07,131,131,1,132,132
2018-08-08,97,97,0,97,97
2018-08-09,138,138,0,138,138
2018-08-10,146,146,0,146,146
2018-08-11,111,111,3,114,114
2018-08-12,162,160,5,167,165
2018-08-13,154,154,1,155,155
2018-08-14,100,100,0,100,100
2018-08-15,96,96,2,98,98
2018-08-16,159,159,1,160,160
2018-08-17,168,160,0,168,160
2018-08-18,155,155,2,157,157
2018-08-19,124,124,1,125,125
2018-08-20,97,97,0,97,97
2018-08-21,71,71,0,71,71
2018-08-22,137,137,1,138,138
2018-08-23,141,141,0,141,141
2018-08-24,121,121,0,121,121
2018-08-25,150,150,2,152,152
2018-08-26,115,115,0,115,115
2018-08-27,90,90,0,90,90
2018-08-28,83,83,0,83,83
2018-08-29,84,84,0,84,84
2018-08-30,50,50,0,50,50
2018-08-31,60,60,0,60,60
2018-09-01,107,107,3,110,110
2018-09-02,85,85,0,85,85
2018-09-03,107,107,0,107,107
2018-09-04,98,98,0,98,98
2018-09-05,89,89,0,89,89
2018-09-06,0,0,0,0,0
2018-09-07,144,144,2,146,146
2018-09-08,83,83,1,84,84
2018-09-09,114,114,1,115,115
2018-09-10,84,84,0,84,84
2018-09-11,62,62,0,62,62
2018-09-12,73,73,0,73,73
2018-09-13,70,70,0,70,70
2018-09-14,86,86,0,86,86
2018-09-15,103,103,6,109,109
2018-09-16,129,129,10,139,139
2018-09-17,111,111,2,113,113
2018-09-18,73,73,0,73,73
2018-09-19,91,91,3,94,94
2018-09-20,152,152,2,154,154
2018-09-21,121,121,0,121,121
2018-09-22,109,109,1,110,110
2018-09-23,141,141,0,141,141
2018-09-24,126,126,1,127,127
2018-09-25,165,160,0,165,160
2018-09-26,123,123,0,123,123
2018-09-27,138,138,1,139,139
2018-09-28,156,156,3,159,159
2018-09-29,163,160,4,167,164
2018-09-30,163,160,0,163,160
2018-10-01,166,160,0,166,160
2018-10-02,157,157,3,160,160
2018-10-03,156,156,2,158,158
2018-10-04,167,160,0,167,160
2018-10-05,165,160,2,167,162
2018-10-06,159,159,3,162,162
2018-10-07,149,149,4,153,153
2018-10-08,144,144,1,145,145
2018-10-09,123,123,0,123,123
2018-10-10,108,108,1,109,109
2018-10-11,73,73,1,74,74
2018-10-12,122,122,11,133,133
2018-10-13,98,98,0,98,98
2018-10-14,83,83,1,84,84
2018-10-15,80,80,1,81,81
2018-10-16,124,124,3,127,127
2018-10-17,85,85,1,86,86
2018-10-18,94,94,1,95,95
2018-10-19,95,95,0,95,95
2018-10-20,79,79,0,79,79
2018-10-21,141,141,3,144,144
2018-10-22,104,104,0,104,104
2018-10-23,105,105,3,108,108
2018-10-24,113,113,3,116,116
2018-10-25,88,88,0,88,88
2018-10-26,129,129,2,131,131
2018-10-27,36,36,2,38,38
2018-10-28,115,115,0,115,115
2018-10-29,86,86,2,88,88
2018-10-30,114,114,0,114,114
2018-10-31,78,78,0,78,78
2018-11-01,84,84,0,84,84
2018-11-02,47,47,2,49,49
2018-11-03,63,63,1,64,64
2018-11-04,62,62,0,62,62
2018-11-05,117,117,2,119,119
2018-11-06,68,68,0,68,68
2018-11-07,145,145,0,145,145
2018-11-08,138,138,3,141,141
2018-11-09,96,96,1,97,97
2018-11-10,93,93,0,93,93
2018-11-11,92,92,0,92,92
2018-11-12,106,106,1,107,107
2018-11-13,147,147,0,147,147
2018-11-14,134,134,3,137,137
2018-11-15,135,135,2,137,137
2018-11-16,121,121,1,122,122
2018-11-17,142,142,0,142,142
2018-11-18,121,121,2,123,123
2018-11-19,159,159,0,159,159
2018-11-20,127,127,4,131,131
2018-11-21,141,141,0,141,141
2018-11-22,149,149,0,149,149
2018-11-23,164,160,0,164,160
2018-11-24,164,160,1,165,161
2018-11-25,154,154,1,155,155
2018-11-26,110,110,1,111,111
2018-11-27,140,140,0,140,140
2018-11-28,140,140,1,141,141
2018-11-29,96,96,0,96,96
2018-11-30,149,149,1,150,150
2018-12-01,127,127,0,127,127
2018-12-02,72,72,1,73,73
2018-12-03,138,138,0,138,138
2018-12-04,154,154,0,154,154
2018-12-05,110,110,0,110,110
2018-12-06,106,106,0,106,106
2018-12-07,84,84,0,84,84
2018-12-08,0,0,0,0,0
2018-12-09,0,0,0,0,0
2018-12-10,110,110,0,110,110
2018-12-11,92,92,0,92,92
2018-12-12,121,121,2,123,123
2018-12-13,99,99,1,100,100
2018-12-14,87,87,1,88,88
2018-12-15,0,0,0,0,0
2018-12-16,0,0,0,0,0
2018-12-17,165,160,1,166,161
2018-12-18,157,157,1,158,158
2018-12-19,131,131,1,132,132
2018-12-20,146,146,1,147,147
2018-12-21,159,159,1,160,160
2018-12-22,164,160,0,164,160
2018-12-23,169,160,2,171,162
2018-12-24,157,157,1,158,158
2018-12-25,0,0,0,0,0
2018-12-26,162,160,3,165,163
2018-12-27,155,155,1,156,156
2018-12-28,170,160,2,172,162
2018-12-29,169,160,1,170,161
2018-12-30,127,127,0,127,127
2018-12-31,153,153,1,154,154
2019-01-01,0,0,0,0,0
2019-01-02,157,157,1,158,158
2019-01-03,161,160,0,161,160
2019-01-04,162,160,1,163,161
2019-01-05,162,160,1,163,161
2019-01-06,163,160,2,165,162
2019-01-07,175,160,0,175,160
2019-01-08,171,160,0,171,160
2019-01-09,171,160,1,172,161
2019-01-10,163,160,1,164,161
2019-01-11,145,145,1,146,146
2019-01-12,124,124,1,125,125
2019-01-13,155,155,0,155,155
2019-01-14,81,81,0,81,81
2019-01-15,83,83,0,83,83
2019-01-16,125,125,1,126,126
2019-01-17,165,160,3,168,163
2019-01-18,125,125,1,126,126
2019-01-19,107,107,0,107,107
2019-01-20,139,139,0,139,139
2019-01-21,96,96,1,97,97
2019-01-22,155,155,0,155,155
2019-01-23,128,128,3,131,131
2019-01-24,137,137,3,140,140
2019-01-25,94,94,1,95,95
2019-01-26,78,78,0,78,78
2019-01-27,125,125,2,127,127
2019-01-28,109,109,3,112,112
2019-01-29,134,134,0,134,134
2019-01-30,93,93,0,93,93
2019-01-31,87,87,0,87,87
2019-02-01,141,141,1,142,142
2019-02-02,146,146,0,146,146
2019-02-03,142,142,1,143,143
2019-02-04,175,160,0,175,160
2019-02-05,125,125,2,127,127
2019-02-06,141,141,3,144,144
2019-02-07,141,141,1,142,142
2019-02-08,160,160,2,162,162
2019-02-09,121,121,0,121,121
2019-02-10,154,154,1,155,155
2019-02-11,168,160,0,168,160
2019-02-12,161,160,1,162,161
2019-02-13,145,145,4,149,149
2019-02-14,126,126,1,127,127
2019-02-15,124,124,0,124,124
2019-02-16,139,139,1,140,140
2019-02-17,115,115,0,115,115
2019-02-18,99,99,0,99,99
2019-02-19,135,135,1,136,136
2019-02-20,139,139,1,140,140
2019-02-21,0,0,0,0,0
2019-02-22,148,148,1,149,149
2019-02-23,119,119,1,120,120
2019-02-24,124,124,1,125,125
2019-02-25,117,117,0,117,117
2019-02-26,122,122,1,123,123
2019-02-27,112,112,1,113,113
2019-02-28,102,102,0,102,102
2019-03-01,126,126,1,127,127
2019-03-02,130,130,0,130,130
2019-03-03,99,99,0,99,99
2019-03-04,110,110,0,110,110
2019-03-05,0,0,0,0,0
2019-03-06,0,0,0,0,0
2019-03-07,0,0,0,0,0
2019-03-08,0,0,0,0,0
2019-03-09,0,0,0,0,0
2019-03-10,0,0,0,0,0
2019-03-11,0,0,0,0,0
2019-03-12,168,160,0,168,160
2019-03-13,129,129,1,130,130
2019-03-14,128,128,0,128,128
2019-03-15,122,122,3,125,125
2019-03-16,131,131,3,134,134
2019-03-17,104,104,0,104,104
2019-03-18,63,63,2,65,65
2019-03-19,104,104,0,104,104
2019-03-20,82,82,0,82,82
2019-03-21,102,102,0,102,102
2019-03-22,76,76,0,76,76
2019-03-23,63,63,0,63,63
2019-03-24,105,105,0,105,105
2019-03-25,100,100,2,102,102
2019-03-26,89,89,1,90,90
2019-03-27,121,121,2,123,123
2019-03-28,91,91,1,92,92
2019-03-29,82,82,1,83,83
2019-03-30,145,145,0,145,145
2019-03-31,85,85,1,86,86
2019-04-01,97,97,1,98,98
2019-04-02,88,88,1,89,89
2019-04-03,113,113,0,113,113
2019-04-04,81,81,2,83,83
2019-04-05,97,97,1,98,98
2019-04-06,121,121,0,121,121
2019-04-07,79,79,0,79,79
2019-04-08,101,101,0,101,101
2019-04-09,142,142,0,142,142
2019-04-10,168,160,1,169,161
2019-04-11,126,126,0,126,126
2019-04-12,96,96,0,96,96
2019-04-13,102,102,0,102,102
2019-04-14,109,109,0,109,109
2019-04-15,142,142,2,144,144
2019-04-16,165,160,2,167,162
2019-04-17,168,160,1,169,161
2019-04-18,146,146,0,146,146
2019-04-19,168,160,2,170,162
2019-04-20,156,156,2,158,158
2019-04-21,162,160,5,167,165
2019-04-22,173,160,1,174,161
2019-04-23,164,160,3,167,163
2019-04-24,163,160,4,167,164
2019-04-25,173,160,3,176,163
2019-04-26,164,160,4,168,164
2019-04-27,155,155,1,156,156
2019-04-28,116,116,0,116,116
2019-04-29,70,70,0,70,70
2019-04-30,74,74,0,74,74
2019-05-01,106,106,1,107,107
2019-05-02,73,73,0,73,73
2019-05-03,110,110,1,111,111
2019-05-04,89,89,2,91,91
2019-05-05,82,82,0,82,82
2019-05-06,99,99,0,99,99
2019-05-07,108,108,0,108,108
2019-05-08,59,59,0,59,59
2019-05-09,85,85,0,85,85
2019-05-10,58,58,2,60,60
2019-05-11,89,89,0,89,89
2019-05-12,88,88,0,88,88
2019-05-13,110,110,1,111,111
2019-05-14,68,68,0,68,68
2019-05-15,0,0,0,0,0
2019-05-16,94,94,0,94,94
2019-05-17,102,102,0,102,102
2019-05-18,75,75,4,79,79
2019-05-19,56,56,1,57,57
2019-05-20,67,67,0,67,67
2019-05-21,102,102,1,103,103
2019-05-22,0,0,0,0,0
2019-05-23,74,74,0,74,74
2019-05-24,90,90,0,90,90
2019-05-25,149,149,2,151,151
2019-05-26,96,96,1,97,97
2019-05-27,92,92,0,92,92
2019-05-28,78,78,2,80,80
2019-05-29,111,111,0,111,111
2019-05-30,106,106,0,106,106
2019-05-31,67,67,3,70,70
2019-06-01,75,75,2,77,77
2019-06-02,77,77,0,77,77
2019-06-03,69,69,1,70,70
2019-06-04,62,62,1,63,63
2019-06-05,83,83,0,83,83
2019-06-06,97,97,1,98,98
2019-06-07,0,0,0,0,0
2019-06-08,74,74,2,76,76
2019-06-09,106,106,0,106,106
2019-06-10,92,92,2,94,94
2019-06-11,123,123,1,124,124
2019-06-12,84,84,0,84,84
2019-06-13,102,102,1,103,103
2019-06-14,82,82,0,82,82
2019-06-15,134,134,0,134,134
2019-06-16,79,79,0,79,79
2019-06-17,117,117,0,117,117
2019-06-18,83,83,0,83,83
2019-06-19,82,82,0,82,82
2019-06-20,91,91,0,91,91
2019-06-21,97,97,0,97,97
2019-06-22,84,84,0,84,84
2019-06-23,74,74,2,76,76
2019-06-24,107,107,1,108,108
2019-06-25,94,94,0,94,94
2019-06-26,101,101,0,101,101
2019-06-27,104,104,0,104,104
2019-06-28,125,125,0,125,125
2019-06-29,115,115,0,115,115
2019-06-30,111,111,1,112,112
2019-07-01,89,89,1,90,90
2019-07-02,147,147,1,148,148
2019-07-03,166,160,0,166,160
2019-07-04,158,158,2,160,160
2019-07-05,156,156,2,158,158
2019-07-06,173,160,0,173,160
2019-07-07,168,160,3,171,163
2019-07-08,172,160,0,172,160
2019-07-09,161,160,0,161,160
2019-07-10,166,160,0,166,160
2019-07-11,172,160,1,173,161
2019-07-12,162,160,0,162,160
2019-07-13,169,160,0,169,160
2019-07-14,148,148,3,151,151
2019-07-15,141,141,1,142,142
2019-07-16,160,160,2,162,162
2019-07-17,161,160,2,163,162
2019-07-18,171,160,1,172,161
2019-07-19,152,152,0,152,152
2019-07-20,139,139,2,141,141
2019-07-21,166,160,0,166,160
2019-07-22,161,160,2,163,162
2019-07-23,130,130,0,130,130
2019-07-24,161,160,0,161,160
2019-07-25,106,106,1,107,107
2019-07-26,135,135,1,136,136
2019-07-27,157,157,1,158,158
2019-07-28,168,160,1,169,161
2019-07-29,168,160,1,169,161
2019-07-30,158,158,1,159,159
2019-07-31,106,106,2,108,108
2019-08-01,133,133,1,134,134
2019-08-02,101,101,0,101,101
2019-08-03,134,134,0,134,134
2019-08-04,74,74,0,74,74
2019-08-05,133,133,2,135,135
2019-08-06,110,110,2,112,112
2019-08-07,143,143,1,144,144
2019-08-08,162,160,5,167,165
2019-08-09,169,160,0,169,160
2019-08-10,163,160,2,165,162
2019-08-11,124,124,0,124,124
2019-08-12,135,135,2,137,137
2019-08-13,137,137,0,137,137
2019-08-14,156,156,0,156,156
2019-08-15,164,160,0,164,160
2019-08-16,124,124,0,124,124
2019-08-17,114,114,0,114,114
2019-08-18,161,160,0,161,160
2019-08-19,137,137,0,137,137
2019-08-20,124,124,1,125,125
2019-08-21,119,119,1,120,120
2019-08-22,107,107,1,108,108
2019-08-23,128,128,2,130,130
2019-08-24,138,138,0,138,138
2019-08-25,98,98,3,101,101
2019-08-26,106,106,1,107,107
2019-08-27,97,97,0,97,97
2019-08-28,101,101,3,104,104
2019-08-29,89,89,2,91,91
2019-08-30,93,93,7,100,100
2019-08-31,123,123,0,123,123
2019-09-01,77,77,0,77,77
2019-09-02,84,84,0,84,84
2019-09-03,96,96,0,96,96
2019-09-04,91,91,0,91,91
2019-09-05,73,73,0,73,73
2019-09-06,130,130,5,135,135
2019-09-07,153,153,2,155,155
2019-09-08,134,134,2,136,136
2019-09-09,0,0,0,0,0
2019-09-10,0,0,0,0,0
2019-09-11,107,107,1,108,108
2019-09-12,87,87,0,87,87
2019-09-13,89,89,0,89,89
2019-09-14,108,108,4,112,112
2019-09-15,81,81,3,84,84
2019-09-16,98,98,2,100,100
2019-09-17,90,90,0,90,90
2019-09-18,106,106,0,106,106
2019-09-19,97,97,5,102,102
2019-09-20,117,117,5,122,122
2019-09-21,127,127,0,127,127
2019-09-22,75,75,2,77,77
2019-09-23,78,78,0,78,78
2019-09-24,142,142,1,143,143
2019-09-25,144,144,3,147,147
2019-09-26,98,98,3,101,101
2019-09-27,132,132,1,133,133
2019-09-28,167,160,0,167,160
2019-09-29,132,132,1,133,133
2019-09-30,168,160,2,170,162
2019-10-01,161,160,0,161,160
2019-10-02,164,160,0,164,160
2019-10-03,159,159,0,159,159
2019-10-04,101,101,1,102,102
2019-10-05,141,141,1,142,142
2019-10-06,164,160,0,164,160
2019-10-07,126,126,1,127,127
2019-10-08,131,131,1,132,132
2019-10-09,121,121,3,124,124
2019-10-10,122,122,1,123,123
2019-10-11,108,108,0,108,108
2019-10-12,116,116,0,116,116
2019-10-13,75,75,9,84,84
2019-10-14,75,75,2,77,77
2019-10-15,76,76,1,77,77
2019-10-16,86,86,0,86,86
2019-10-17,93,93,2,95,95
2019-10-18,171,160,0,171,160
2019-10-19,121,121,1,122,122
2019-10-20,108,108,1,109,109
2019-10-21,105,105,0,105,105
2019-10-22,60,60,0,60,60
2019-10-23,96,96,0,96,96
2019-10-24,93,93,0,93,93
2019-10-25,0,0,0,0,0
2019-10-26,114,114,0,114,114
2019-10-27,117,117,0,117,117
2019-10-28,94,94,2,96,96
2019-10-29,97,97,0,97,97
2019-10-30,91,91,1,92,92
2019-10-31,96,96,1,97,97
2019-11-01,157,157,0,157,157
2019-11-02,105,105,0,105,105
2019-11-03,126,126,0,126,126
2019-11-04,115,115,0,115,115
2019-11-05,98,98,0,98,98
2019-11-06,102,102,0,102,102
2019-11-07,121,121,0,121,121
2019-11-08,132,132,1,133,133
2019-11-09,147,147,2,149,149
2019-11-10,92,92,1,93,93
2019-11-11,77,77,1,78,78
2019-11-12,118,118,1,119,119
2019-11-13,130,130,1,131,131
2019-11-14,141,141,2,143,143
2019-11-15,155,155,0,155,155
2019-11-16,159,159,2,161,161
2019-11-17,76,76,0,76,76
2019-11-18,132,132,3,135,135
2019-11-19,89,89,4,93,93
2019-11-20,132,132,0,132,132
2019-11-21,130,130,3,133,133
2019-11-22,118,118,0,118,118
2019-11-23,139,139,0,139,139
2019-11-24,105,105,1,106,106
2019-11-25,123,123,1,124,124
2019-11-26,147,147,2,149,149
2019-11-27,146,146,4,150,150
2019-11-28,141,141,4,145,145
2019-11-29,123,123,0,123,123
2019-11-30,114,114,0,114,114
2019-12-01,148,148,2,150,150
2019-12-02,118,118,1,119,119
2019-12-03,106,106,2,108,108
2019-12-04,92,92,0,92,92
2019-12-05,140,140,0,140,140
2019-12-06,95,95,0,95,95
2019-12-07,148,148,1,149,149
2019-12-08,111,111,1,112,112
2019-12-09,115,115,0,115,115
2019-12-10,107,107,3,110,110
2019-12-11,81,81,1,82,82
2019-12-12,129,129,0,129,129
2019-12-13,117,117,2,119,119
2019-12-14,133,133,5,138,138
2019-12-15,110,110,3,113,113
2019-12-16,95,95,0,95,95
2019-12-17,152,152,0,152,152
2019-12-18,151,151,0,151,151
2019-12-19,138,138,2,140,140
2019-12-20,175,160,0,175,160
2019-12-21,177,160,1,178,161
2019-12-22,165,160,1,166,161
2019-12-23,169,160,1,170,161
2019-12-24,172,160,1,173,161
2019-12-25,0,0,0,0,0
2019-12-26,164,160,4,168,164
2019-12-27,167,160,0,167,160
2019-12-28,165,160,0,165,160
2019-12-29,164,160,6,170,166
2019-12-30,168,160,3,171,163
2019-12-31,171,160,0,171,160
2020-01-01,0,0,0,0,0
2020-01-02,166,166,1,167,167
2020-01-03,171,171,1,172,172
2020-01-04,174,174,1,175,175
2020-01-05,161,161,2,163,163
2020-01-06,164,164,1,165,165
2020-01-07,162,162,2,164,164
2020-01-08,169,169,1,170,170
2020-01-09,142,142,2,144,144
2020-01-10,155,155,3,158,158
2020-01-11,163,163,4,167,167
2020-01-12,134,134,0,134,134
2020-01-13,157,157,4,161,161
2020-01-14,145,145,1,146,146
2020-01-15,154,154,0,154,154
2020-01-16,128,128,3,131,131
2020-01-17,140,140,0,140,140
2020-01-18,137,137,2,139,139
2020-01-19,103,103,2,105,105
2020-01-20,161,161,3,164,164
2020-01-21,157,157,2,159,159
2020-01-22,152,152,3,155,155
2020-01-23,130,130,3,133,133
2020-01-24,172,172,3,175,175
2020-01-25,166,166,1,167,167
2020-01-26,112,112,3,115,115
2020-01-27,122,122,4,126,126
2020-01-28,107,107,0,107,107
2020-01-29,146,146,1,147,147
2020-01-30,99,99,0,99,99
2020-01-31,117,117,1,118,118
2020-02-01,88,88,1,89,89
2020-02-02,93,93,0,93,93
2020-02-03,53,53,0,53,53
2020-02-04,108,108,0,108,108
2020-02-05,118,118,2,120,120
2020-02-06,71,71,0,71,71
2020-02-07,65,65,1,66,66
2020-02-08,103,103,3,106,106
2020-02-09,107,107,1,108,108
2020-02-10,116,116,2,118,118
2020-02-11,0,0,0,0,0
2020-02-12,91,91,2,93,93
2020-02-13,116,116,4,120,120
2020-02-14,128,128,1,129,129
2020-02-15,158,158,0,158,158
2020-02-16,102,102,4,106,106
2020-02-17,0,0,0,0,0
2020-02-18,123,123,1,124,124
2020-02-19,117,117,1,118,118
2020-02-20,96,96,2,98,98
2020-02-21,114,114,1,115,115
2020-02-22,112,112,0,112,112
2020-02-23,69,69,1,70,70
2020-02-24,48,48,0,48,48
2020-02-25,74,74,0,74,74
2020-02-26,115,115,5,120,120
2020-02-27,80,80,1,81,81
2020-02-28,99,99,1,100,100
2020-02-29,126,126,1,127,127
2020-03-01,77,77,2,79,79
2020-03-02,0,0,0,0,0
2020-03-03,93,93,2,95,95
2020-03-04,100,100,1,101,101
2020-03-05,0,0,0,0,0
2020-03-06,102,102,1,103,103
2020-03-07,142,142,1,143,143
2020-03-08,68,68,4,72,72
2020-03-09,0,0,0,0,0
2020-03-10,150,150,2,152,152
2020-03-11,118,118,2,120,120
2020-03-12,0,0,0,0,0
2020-03-13,0,0,0,0,0
2020-03-14,0,0,0,0,0
2020-03-15,115,115,3,118,118
2020-03-16,92,92,3,95,95
2020-03-17,61,61,1,62,62
2020-03-18,92,92,0,92,92
2020-03-19,0,0,0,0,0
2020-03-20,85,85,0,85,85
2020-03-21,49,49,3,52,52
2020-03-22,26,26,0,26,26
2020-03-23,0,0,0,0,0
2020-03-24,35,35,3,38,38
2020-03-25,0,0,0,0,0
2020-03-26,0,0,0,0,0
2020-03-27,0,0,0,0,0
2020-03-28,0,0,0,0,0
2020-03-29,0,0,0,0,0
2020-03-30,0,0,0,0,0
2020-03-31,0,0,0,0,0
2020-05-01,0,0,0,0,0
2020-05-02,0,0,0,0,0
2020-05-03,0,0,0,0,0
2020-05-04,0,0,0,0,0
2020-05-05,0,0,0,0,0
2020-05-06,0,0,0,0,0
2020-05-07,0,0,0,0,0
2020-05-08,0,0,0,0,0
2020-05-09,0,0,0,0,0
2020-05-10,0,0,0,0,0
2020-05-11,0,0,0,0,0
2020-05-12,0,0,0,0,0
2020-05-13,0,0,0,0,0
2020-05-14,0,0,0,0,0
2020-05-15,0,0,0,0,0
2020-05-16,0,0,0,0,0
2020-05-17,0,0,0,0,0
2020-05-18,0,0,0,0,0
2020-05-19,0,0,0,0,0
2020-05-20,0,0,0,0,0
2020-05-21,0,0,0,0,0
2020-05-22,0,0,0,0,0
2020-05-23,0,0,0,0,0
2020-05-24,0,0,0,0,0
2020-05-25,0,0,0,0,0
2020-05-26,0,0,0,0,0
2020-05-27,0,0,0,0,0
2020-05-28,0,0,0,0,0
2020-05-29,0,0,0,0,0
2020-05-30,0,0,0,0,0
2020-05-31,0,0,0,0,0
2020-06-01,0,0,0,0,0
2020-06-02,0,0,0,0,0
2020-06-03,0,0,0,0,0
2020-06-04,0,0,0,0,0
2020-06-05,0,0,0,0,0
2020-06-06,0,0,0,0,0
2020-06-07,0,0,0,0,0
2020-06-08,0,0,0,0,0
2020-06-09,0,0,0,0,0
2020-06-10,0,0,0,0,0
2020-06-11,0,0,0,0,0
2020-06-12,0,0,0,0,0
2020-06-13,0,0,0,0,0
2020-06-14,0,0,0,0,0
2020-06-15,0,0,0,0,0
2020-06-16,0,0,0,0,0
2020-06-17,0,0,0,0,0
2020-06-18,0,0,0,0,0
2020-06-19,0,0,0,0,0
2020-06-20,0,0,0,0,0
2020-06-21,0,0,0,0,0
2020-06-22,0,0,0,0,0
2020-06-23,0,0,0,0,0
2020-06-24,0,0,0,0,0
2020-06-25,0,0,0,0,0
2020-06-26,0,0,0,0,0
2020-06-27,0,0,0,0,0
2020-06-28,0,0,0,0,0
2020-06-29,0,0,0,0,0
2020-06-30,0,0,0,0,0
2020-07-01,0,0,0,0,0
2020-07-02,0,0,0,0,0
2020-07-03,0,0,0,0,0
2020-07-04,0,0,0,0,0
2020-07-05,0,0,0,0,0
2020-07-06,0,0,0,0,0
2020-07-07,65,65,1,66,66
2020-07-08,0,0,0,0,0
2020-07-09,0,0,0,0,0
2020-07-10,53,53,1,54,54
2020-07-11,0,0,0,0,0
2020-07-12,0,0,0,0,0
2020-07-13,0,0,0,0,0
2020-07-14,61,61,0,61,61
2020-07-15,0,0,0,0,0
2020-07-16,0,0,0,0,0
2020-07-17,104,104,0,104,104
2020-07-18,0,0,0,0,0
2020-07-19,0,0,0,0,0
2020-07-20,0,0,0,0,0
2020-07-21,71,71,1,72,72
2020-07-22,0,0,0,0,0
2020-07-23,0,0,0,0,0
2020-07-24,75,75,0,75,75
2020-07-25,0,0,0,0,0
2020-07-26,52,52,0,52,52
2020-07-27,0,0,0,0,0
2020-07-28,72,72,0,72,72
2020-07-29,0,0,0,0,0
2020-07-30,0,0,0,0,0
2020-07-31,82,82,0,82,82
2020-08-01,0,0,0,0,0
2020-08-02,0,0,0,0,0
2020-08-03,0,0,0,0,0
2020-08-04,55,55,1,56,56
2020-08-05,0,0,0,0,0
2020-08-06,0,0,0,0,0
2020-08-07,40,40,1,41,41
2020-08-08,0,0,0,0,0
2020-08-09,0,0,0,0,0
2020-08-10,0,0,0,0,0
2020-08-11,68,68,1,69,69
2020-08-12,0,0,0,0,0
2020-08-13,0,0,0,0,0
2020-08-14,107,107,16,123,123
2020-08-15,0,0,0,0,0
2020-08-16,81,81,2,83,83
2020-08-17,0,0,0,0,0
2020-08-18,64,64,0,64,64
2020-08-19,0,0,0,0,0
2020-08-20,0,0,0,0,0
2020-08-21,87,87,0,87,87
2020-08-22,0,0,0,0,0
2020-08-23,98,98,3,101,101
2020-08-24,0,0,0,0,0
2020-08-25,66,66,2,68,68
2020-08-26,0,0,0,0,0
2020-08-27,0,0,0,0,0
2020-08-28,34,34,0,34,34
2020-08-29,0,0,0,0,0
2020-08-30,0,0,0,0,0
2020-08-31,0,0,0,0,0
2020-09-01,52,52,0,52,52
2020-09-02,0,0,0,0,0
2020-09-03,0,0,0,0,0
2020-09-04,70,70,0,70,70
2020-09-05,0,0,0,0,0
2020-09-06,52,52,0,52,52
2020-09-07,0,0,0,0,0
2020-09-08,54,54,0,54,54
2020-09-09,0,0,0,0,0
2020-09-10,0,0,0,0,0
2020-09-11,122,122,1,123,123
2020-09-12,0,0,0,0,0
2020-09-13,49,49,0,49,49
2020-09-14,0,0,0,0,0
2020-09-15,34,34,0,34,34
2020-09-16,0,0,0,0,0
2020-09-17,0,0,0,0,0
2020-09-18,39,39,0,39,39
2020-09-19,0,0,0,0,0
2020-09-20,79,79,1,80,80
2020-09-21,0,0,0,0,0
2020-09-22,118,118,0,118,118
2020-09-23,0,0,0,0,0
2020-09-24,0,0,0,0,0
2020-09-25,104,104,0,104,104
2020-09-26,94,94,0,94,94
2020-09-27,91,91,1,92,92
2020-09-28,0,0,0,0,0
2020-09-29,101,101,6,107,107
2020-09-30,0,0,0,0,0
2020-10-01,0,0,0,0,0
2020-10-02,118,118,0,118,118
2020-10-03,42,42,0,42,42
2020-10-04,96,96,0,96,96
2020-10-05,0,0,0,0,0
2020-10-06,46,46,0,46,46
2020-10-07,0,0,0,0,0
2020-10-08,0,0,0,0,0
2020-10-09,52,52,0,52,52
2020-10-10,0,0,0,0,0
2020-10-11,88,88,1,89,89
2020-10-12,0,0,0,0,0
2020-10-13,77,77,0,77,77
2020-10-14,0,0,0,0,0
2020-10-15,0,0,0,0,0
2020-10-16,76,76,1,77,77
2020-10-17,0,0,0,0,0
2020-10-18,92,92,3,95,95
2020-10-19,0,0,0,0,0
2020-10-20,71,71,3,74,74
2020-10-21,0,0,0,0,0
2020-10-22,0,0,0,0,0
2020-10-23,91,91,2,93,93
2020-10-24,65,65,0,65,65
2020-10-25,106,106,7,113,113
2020-10-26,0,0,0,0,0
2020-10-27,63,63,3,66,66
2020-10-28,0,0,0,0,0
2020-10-29,0,0,0,0,0
2020-10-30,91,91,2,93,93
2020-10-31,0,0,0,0,0
2020-11-01,89,89,3,92,92
2020-11-02,0,0,0,0,0
2020-11-03,42,42,1,43,43
2020-11-04,0,0,0,0,0
2020-11-05,0,0,0,0,0
2020-11-06,84,84,2,86,86
2020-11-07,0,0,0,0,0
2020-11-08,65,65,0,65,65
2020-11-09,46,46,0,46,46
2020-11-10,64,64,1,65,65
2020-11-11,0,0,0,0,0
2020-11-12,0,0,0,0,0
2020-11-13,70,70,2,72,72
2020-11-14,0,0,0,0,0
2020-11-15,100,100,2,102,102
2020-11-16,0,0,0,0,0
2020-11-17,61,61,0,61,61
2020-11-18,0,0,0,0,0
2020-11-19,0,0,0,0,0
2020-11-20,82,82,0,82,82
2020-11-21,0,0,0,0,0
2020-11-22,75,75,0,75,75
2020-11-23,0,0,0,0,0
2020-11-24,121,121,0,121,121
2020-11-25,0,0,0,0,0
2020-11-26,0,0,0,0,0
2020-11-27,93,93,0,93,93
2020-11-28,0,0,0,0,0
2020-11-29,75,75,0,75,75
2020-11-30,0,0,0,0,0
2020-12-01,98,98,0,98,98
2020-12-02,0,0,0,0,0
2020-12-03,0,0,0,0,0
2020-12-04,110,110,1,111,111
2020-12-05,0,0,0,0,0
2020-12-06,104,104,8,112,112
2020-12-07,0,0,0,0,0
2020-12-08,116,116,3,119,119
2020-12-09,0,0,0,0,0
2020-12-10,0,0,0,0,0
2020-12-11,0,0,0,0,0
2020-12-12,0,0,0,0,0
2020-12-13,0,0,0,0,0
2020-12-14,0,0,0,0,0
2020-12-15,0,0,0,0,0
2020-12-16,0,0,0,0,0
2020-12-17,0,0,0,0,0
2020-12-18,110,110,1,111,111
2020-12-19,0,0,0,0,0
2020-12-20,116,116,1,117,117
2020-12-21,105,105,0,105,105
2020-12-22,114,114,0,114,114
2020-12-23,118,118,0,118,118
2020-12-24,0,0,0,0,0
2020-12-25,89,89,0,89,89
2020-12-26,120,120,0,120,120
2020-12-27,116,116,1,117,117
2020-12-28,122,122,2,124,124
2020-12-29,114,114,0,114,114
2020-12-30,118,118,1,119,119
2020-12-31,116,116,3,119,119
2021-01-01,0,0,0,0,0
2021-01-02,114,114,0,114,114
2021-01-03,121,121,0,121,121
2021-01-04,111,111,3,114,114
2021-01-05,109,109,0,109,109
2021-01-06,109,109,1,110,110
2021-01-07,120,120,0,120,120
2021-01-08,123,123,2,125,125
2021-01-09,100,100,0,100,100
2021-01-10,0,0,0,0,0
2021-01-11,75,75,0,75,75
2021-01-12,115,115,0,115,115
2021-01-13,0,0,0,0,0
2021-01-14,119,119,1,120,120
2021-01-15,57,57,1,58,58
2021-01-16,90,90,0,90,90
2021-01-17,0,0,0,0,0
2021-01-18,0,0,0,0,0
2021-01-19,0,0,0,0,0
2021-01-20,115,115,1,116,116
2021-01-21,0,0,0,0,0
2021-01-22,54,54,0,54,54
2021-01-23,0,0,0,0,0
2021-01-24,122,122,1,123,123
2021-01-25,0,0,0,0,0
2021-01-26,120,120,2,122,122
2021-01-27,0,0,0,0,0
2021-01-28,0,0,0,0,0
2021-01-29,53,53,0,53,53
2021-01-30,0,0,0,0,0
2021-01-31,34,34,2,36,36
2021-02-01,0,0,0,0,0
2021-02-02,83,83,0,83,83
2021-02-03,0,0,0,0,0
2021-02-04,0,0,0,0,0
2021-02-05,81,81,0,81,81
2021-02-06,0,0,0,0,0
2021-02-07,63,63,0,63,63
2021-02-08,0,0,0,0,0
2021-02-09,65,65,0,65,65
2021-02-10,0,0,0,0,0
2021-02-11,0,0,0,0,0
2021-02-12,87,87,1,88,88
2021-02-13,0,0,0,0,0
2021-02-14,107,107,1,108,108
2021-02-15,0,0,0,0,0
2021-02-16,81,81,0,81,81
2021-02-17,0,0,0,0,0
2021-02-18,0,0,0,0,0
2021-02-19,73,73,0,73,73
2021-02-20,0,0,0,0,0
2021-02-21,50,50,5,55,55
2021-02-22,0,0,0,0,0
2021-02-23,90,90,1,91,91
2021-02-24,0,0,0,0,0
2021-02-25,0,0,0,0,0
2021-02-26,50,50,0,50,50
2021-02-27,0,0,0,0,0
2021-02-28,61,61,0,61,61
2021-03-01,0,0,0,0,0
2021-03-02,0,0,0,0,0
2021-03-03,0,0,0,0,0
2021-03-04,0,0,0,0,0
2021-03-05,90,90,1,91,91
2021-03-06,0,0,0,0,0
2021-03-07,103,103,0,103,103
2021-03-08,0,0,0,0,0
2021-03-09,109,109,4,113,113
2021-03-10,0,0,0,0,0
2021-03-11,0,0,0,0,0
2021-03-12,88,88,1,89,89
2021-03-13,0,0,0,0,0
2021-03-14,93,93,0,93,93
2021-03-15,97,97,2,99,99
2021-03-16,112,112,2,114,114
2021-03-17,0,0,0,0,0
2021-03-18,0,0,0,0,0
2021-03-19,117,117,2,119,119
2021-03-20,0,0,0,0,0
2021-03-21,119,119,4,123,123
2021-03-22,0,0,0,0,0
2021-03-23,119,119,2,121,121
2021-03-24,121,121,2,123,123
2021-03-25,0,0,0,0,0
2021-03-26,95,95,0,95,95
2021-03-27,0,0,0,0,0
2021-03-28,101,101,3,104,104
2021-03-29,0,0,0,0,0
2021-03-30,92,92,0,92,92
2021-03-31,0,0,0,0,0
2021-04-01,0,0,0,0,0
2021-04-02,100,100,1,101,101
2021-04-03,123,123,1,124,124
2021-04-04,112,112,6,118,118
2021-04-05,109,109,4,113,113
2021-04-06,112,112,1,113,113
2021-04-07,122,122,1,123,123
2021-04-08,107,107,2,109,109
2021-04-09,115,115,1,116,116
2021-04-10,113,113,3,116,116
2021-04-11,116,116,0,116,116
2021-04-12,116,116,0,116,116
2021-04-13,116,116,1,117,117
2021-04-14,93,93,2,95,95
2021-04-15,111,111,1,112,112
2021-04-16,100,100,2,102,102
2021-04-17,68,68,1,69,69
2021-04-18,0,0,0,0,0
2021-04-19,56,56,0,56,56
2021-04-20,83,83,0,83,83
2021-04-21,0,0,0,0,0
2021-04-22,0,0,0,0,0
2021-04-23,115,115,2,117,117
2021-04-24,104,104,3,107,107
2021-04-25,79,79,1,80,80
2021-04-26,64,64,0,64,64
2021-04-27,101,101,1,102,102
2021-04-28,0,0,0,0,0
2021-04-29,0,0,0,0,0
2021-04-30,115,115,0,115,115
2021-05-01,115,115,2,117,117
2021-05-02,0,0,0,0,0
2021-05-03,117,117,0,117,117
2021-05-04,116,116,1,117,117
2021-05-05,0,0,0,0,0
2021-05-06,0,0,0,0,0
2021-05-07,115,115,2,117,117
2021-05-08,110,110,1,111,111
2021-05-09,92,92,0,92,92
2021-05-10,92,92,0,92,92
2021-05-11,112,112,0,112,112
2021-05-12,0,0,0,0,0
2021-05-13,0,0,0,0,0
2021-05-14,114,114,4,118,118
2021-05-15,92,92,0,92,92
2021-05-16,81,81,0,81,81
2021-05-17,122,122,0,122,122
2021-05-18,116,116,1,117,117
2021-05-19,0,0,0,0,0
2021-05-20,111,111,1,112,112
2021-05-21,117,117,0,117,117
2021-05-22,0,0,0,0,0
2021-05-23,91,91,0,91,91
2021-05-24,61,61,2,63,63
2021-05-25,106,106,3,109,109
2021-05-26,0,0,0,0,0
2021-05-27,0,0,0,0,0
2021-05-28,109,109,1,110,110
2021-05-29,100,100,0,100,100
2021-05-30,61,61,1,62,62
2021-05-31,62,62,1,63,63
2021-06-01,61,61,3,64,64
2021-06-02,0,0,0,0,0
2021-06-03,0,0,0,0,0
2021-06-04,110,110,1,111,111
2021-06-05,87,87,0,87,87
2021-06-06,56,56,0,56,56
2021-06-07,91,91,1,92,92
2021-06-08,126,126,0,126,126
2021-06-09,0,0,0,0,0
2021-06-10,0,0,0,0,0
2021-06-11,114,114,1,115,115
2021-06-12,111,111,1,112,112
2021-06-13,111,111,4,115,115
2021-06-14,116,116,0,116,116
2021-06-15,119,119,0,119,119
2021-06-16,0,0,0,0,0
2021-06-17,0,0,0,0,0
2021-06-18,116,116,1,117,117
2021-06-19,112,112,2,114,114
2021-06-20,86,86,2,88,88
2021-06-21,116,116,0,116,116
2021-06-22,108,108,2,110,110
2021-06-23,0,0,0,0,0
2021-06-24,110,110,1,111,111
2021-06-25,103,103,0,103,103
2021-06-26,111,111,4,115,115
2021-06-27,92,92,1,93,93
2021-06-28,117,117,0,117,117
2021-06-29,112,112,3,115,115
2021-06-30,96,96,1,97,97
2021-07-01,96,96,0,96,96
2021-07-02,113,113,0,113,113
2021-07-03,121,121,1,122,122
2021-07-04,112,112,3,115,115
2021-07-05,118,118,0,118,118
2021-07-06,117,117,2,119,119
2021-07-07,111,111,0,111,111
2021-07-08,85,85,1,86,86
2021-07-09,119,119,0,119,119
2021-07-10,58,58,0,58,58
2021-07-11,66,66,0,66,66
2021-07-12,84,84,1,85,85
2021-07-13,97,97,0,97,97
2021-07-14,82,82,1,83,83
2021-07-15,116,116,0,116,116
2021-07-16,122,122,3,125,125
2021-07-17,117,117,2,119,119
2021-07-18,90,90,0,90,90
2021-07-19,72,72,0,72,72
2021-07-20,47,47,1,48,48
2021-07-21,65,65,0,65,65
2021-07-22,0,0,0,0,0
2021-07-23,90,90,0,90,90
2021-07-24,90,90,0,90,90
2021-07-25,0,0,0,0,0
2021-07-26,47,47,0,47,47
2021-07-27,54,54,2,56,56
2021-07-28,0,0,0,0,0
2021-07-29,54,54,0,54,54
2021-07-30,38,38,0,38,38
2021-07-31,57,57,1,58,58
2021-08-01,0,0,0,0,0
2021-08-02,0,0,0,0,0
2021-08-03,74,74,0,74,74
2021-08-04,0,0,0,0,0
2021-08-05,0,0,0,0,0
2021-08-06,31,31,1,32,32
2021-08-07,0,0,0,0,0
2021-08-08,0,0,0,0,0
2021-08-09,0,0,0,0,0
2021-08-10,0,0,0,0,0
2021-08-11,0,0,0,0,0
2021-08-12,0,0,0,0,0
2021-08-13,0,0,0,0,0
2021-08-14,0,0,0,0,0
2021-08-15,0,0,0,0,0
2021-08-16,0,0,0,0,0
2021-08-17,0,0,0,0,0
2021-08-18,0,0,0,0,0
2021-08-19,0,0,0,0,0
2021-08-20,0,0,0,0,0
2021-08-21,33,33,2,35,35
2021-08-22,0,0,0,0,0
2021-08-23,0,0,0,0,0
2021-08-24,96,96,0,96,96
2021-08-25,43,43,1,44,44
2021-08-26,0,0,0,0,0
2021-08-27,72,72,0,72,72
2021-08-28,0,0,0,0,0
2021-08-29,0,0,0,0,0
2021-08-30,0,0,0,0,0
2021-08-31,53,53,3,56,56
2021-09-01,0,0,0,0,0
2021-09-02,0,0,0,0,0
2021-09-03,45,45,0,45,45
2021-09-04,45,45,0,45,45
2021-09-05,0,0,0,0,0
2021-09-06,45,45,1,46,46
2021-09-07,48,48,2,50,50
2021-09-08,0,0,0,0,0
2021-09-09,0,0,0,0,0
2021-09-10,44,44,0,44,44
2021-09-11,35,35,0,35,35
2021-09-12,0,0,0,0,0
2021-09-13,0,0,0,0,0
2021-09-14,89,89,1,90,90
2021-09-15,0,0,0,0,0
2021-09-16,0,0,0,0,0
2021-09-17,41,41,1,42,42
2021-09-18,37,37,1,38,38
2021-09-19,50,50,0,50,50
2021-09-20,54,54,0,54,54
2021-09-21,105,105,1,106,106
2021-09-22,0,0,0,0,0
2021-09-23,68,68,0,68,68
2021-09-24,73,73,2,75,75
2021-09-25,108,108,3,111,111
2021-09-26,79,79,1,80,80
2021-09-27,105,105,1,106,106
2021-09-28,49,49,0,49,49
2021-09-29,56,56,0,56,56
2021-09-30,59,59,0,59,59
2021-10-01,95,95,4,99,99
2021-10-02,102,102,0,102,102
2021-10-03,90,90,0,90,90
2021-10-04,87,87,1,88,88
2021-10-05,47,47,2,49,49
2021-10-06,0,0,0,0,0
2021-10-07,44,44,0,44,44
2021-10-08,32,32,0,32,32
2021-10-09,60,60,1,61,61
2021-10-10,0,0,0,0,0
2021-10-11,33,33,0,33,33
2021-10-12,76,76,5,81,81
2021-10-13,41,41,0,41,41
2021-10-14,0,0,0,0,0
2021-10-15,60,60,0,60,60
2021-10-16,60,60,3,63,63
2021-10-17,0,0,0,0,0
2021-10-18,54,54,1,55,55
2021-10-19,52,52,0,52,52
2021-10-20,66,66,3,69,69
2021-10-21,0,0,0,0,0
2021-10-22,75,75,1,76,76
2021-10-23,55,55,6,61,61
2021-10-24,0,0,0,0,0
2021-10-25,0,0,0,0,0
2021-10-26,67,67,3,70,70
2021-10-27,56,56,1,57,57
2021-10-28,0,0,0,0,0
2021-10-29,93,93,0,93,93
2021-10-30,94,94,2,96,96
2021-10-31,0,0,0,0,0
2021-11-01,0,0,0,0,0
2021-11-02,33,33,0,33,33
2021-11-03,39,39,0,39,39
2021-11-04,0,0,0,0,0
2021-11-05,54,54,2,56,56
2021-11-06,73,73,2,75,75
2021-11-07,0,0,0,0,0
2021-11-08,0,0,0,0,0
2021-11-09,59,59,0,59,59
2021-11-10,0,0,0,0,0
2021-11-11,0,0,0,0,0
2021-11-12,66,66,3,69,69
2021-11-13,75,75,2,77,77
2021-11-14,0,0,0,0,0
2021-11-15,0,0,0,0,0
2021-11-16,54,54,0,54,54
2021-11-17,32,32,0,32,32
2021-11-18,0,0,0,0,0
2021-11-19,74,74,0,74,74
2021-11-20,66,66,1,67,67
2021-11-21,0,0,0,0,0
2021-11-22,0,0,0,0,0
2021-11-23,104,104,0,104,104
2021-11-24,0,0,0,0,0
2021-11-25,0,0,0,0,0
2021-11-26,66,66,0,66,66
2021-11-27,65,65,2,67,67
2021-11-28,0,0,0,0,0
2021-11-29,0,0,0,0,0
2021-11-30,80,80,2,82,82
2021-12-01,0,0,0,0,0
2021-12-02,0,0,0,0,0
2021-12-03,41,41,0,41,41
2021-12-04,82,82,0,82,82
2021-12-05,0,0,0,0,0
2021-12-06,0,0,0,0,0
2021-12-07,61,61,0,61,61
2021-12-08,0,0,0,0,0
2021-12-09,0,0,0,0,0
2021-12-10,40,40,2,42,42
2021-12-11,55,55,1,56,56
2021-12-12,0,0,0,0,0
2021-12-13,0,0,0,0,0
2021-12-14,60,60,0,60,60
2021-12-15,67,67,1,68,68
2021-12-16,0,0,0,0,0
2021-12-17,68,68,2,70,70
2021-12-18,114,114,0,114,114
2021-12-19,0,0,0,0,0
2021-12-20,144,144,1,145,145
2021-12-21,126,126,0,126,126
2021-12-22,85,85,0,85,85
2021-12-23,86,86,2,88,88
2021-12-24,0,0,0,0,0
2021-12-25,0,0,0,0,0
2021-12-26,139,139,1,140,140
2021-12-27,147,147,4,151,151
2021-12-28,149,149,4,153,153
2021-12-29,143,143,1,144,144
2021-12-30,0,0,0,0,0
2021-12-31,148,148,2,150,150
2022-01-01,0,0,0,0,0
2022-01-02,144,144,2,146,146
2022-01-03,144,144,2,146,146
2022-01-04,152,152,2,154,154
2022-01-05,152,152,1,153,153
2022-01-06,139,139,0,139,139
2022-01-07,0,0,0,0,0
2022-01-08,0,0,0,0,0
2022-01-09,0,0,0,0,0
2022-01-10,0,0,0,0,0
2022-01-11,0,0,0,0,0
2022-01-12,0,0,0,0,0
2022-01-13,133,133,2,135,135
2022-01-14,138,138,4,142,142
2022-01-15,149,149,0,149,149
2022-01-16,0,0,0,0,0
2022-01-17,0,0,0,0,0
2022-01-18,134,134,3,137,137
2022-01-19,145,145,5,150,150
2022-01-20,0,0,0,0,0
2022-01-21,106,106,2,108,108
2022-01-22,112,112,2,114,114
2022-01-23,0,0,0,0,0
2022-01-24,0,0,0,0,0
2022-01-25,140,140,5,145,145
2022-01-26,94,94,0,94,94
2022-01-27,0,0,0,0,0
2022-01-28,86,86,0,86,86
2022-01-29,101,101,1,102,102
2022-01-30,0,0,0,0,0
2022-01-31,0,0,0,0,0
2022-02-01,63,63,1,64,64
2022-02-02,67,67,0,67,67
2022-02-03,0,0,0,0,0
2022-02-04,93,93,3,96,96
2022-02-05,97,97,0,97,97
2022-02-06,0,0,0,0,0
2022-02-07,0,0,0,0,0
2022-02-08,69,69,0,69,69
2022-02-09,58,58,0,58,58
2022-02-10,0,0,0,0,0
2022-02-11,102,102,1,103,103
2022-02-12,123,123,0,123,123
2022-02-13,0,0,0,0,0
2022-02-14,0,0,0,0,0
2022-02-15,53,53,0,53,53
2022-02-16,66,66,0,66,66
2022-02-17,0,0,0,0,0
2022-02-18,63,63,7,70,70
2022-02-19,119,119,1,120,120
2022-02-20,0,0,0,0,0
2022-02-21,0,0,0,0,0
2022-02-22,80,80,0,80,80
2022-02-23,47,47,0,47,47
2022-02-24,0,0,0,0,0
2022-02-25,104,104,0,104,104
2022-02-26,65,65,0,65,65
2022-02-27,0,0,0,0,0
2022-02-28,0,0,0,0,0
2022-03-01,52,52,0,52,52
2022-03-02,58,58,1,59,59
2022-03-03,0,0,0,0,0
2022-03-04,110,110,0,110,110
2022-03-05,111,111,0,111,111
2022-03-06,0,0,0,0,0
2022-03-07,0,0,0,0,0
2022-03-08,139,139,0,139,139
2022-03-09,89,89,0,89,89
2022-03-10,0,0,0,0,0
2022-03-11,139,139,1,140,140
2022-03-12,142,142,2,144,144
2022-03-13,0,0,0,0,0
2022-03-14,35,35,2,37,37
2022-03-15,91,91,0,91,91
2022-03-16,90,90,0,90,90
2022-03-17,0,0,0,0,0
2022-03-18,117,117,2,119,119
2022-03-19,141,141,0,141,141
2022-03-20,0,0,0,0,0
2022-03-21,0,0,0,0,0
2022-03-22,114,114,0,114,114
2022-03-23,114,114,0,114,114
2022-03-24,0,0,0,0,0
2022-03-25,136,136,3,139,139
2022-03-26,137,137,9,146,146
2022-03-27,0,0,0,0,0
2022-03-28,0,0,0,0,0
2022-03-29,143,143,1,144,144
2022-03-30,81,81,0,81,81
2022-03-31,0,0,0,0,0
2022-04-01,94,94,1,95,95
2022-04-02,91,91,0,91,91
2022-04-03,0,0,0,0,0
2022-04-04,0,0,0,0,0
2022-04-05,147,147,0,147,147
2022-04-06,121,121,4,125,125
2022-04-07,119,119,1,120,120
2022-04-08,144,144,1,145,145
2022-04-09,145,145,0,145,145
2022-04-10,151,151,1,152,152
2022-04-11,0,0,0,0,0
2022-04-12,144,144,1,145,145
2022-04-13,143,143,2,145,145
2022-04-14,144,144,4,148,148
2022-04-15,145,145,3,148,148
2022-04-16,147,147,1,148,148
2022-04-17,143,143,2,145,145
2022-04-18,138,138,3,141,141
2022-04-19,147,147,3,150,150
2022-04-20,137,137,0,137,137
2022-04-21,142,142,1,143,143
2022-04-22,131,131,1,132,132
2022-04-23,0,0,0,0,0
2022-04-24,144,144,0,144,144
2022-04-25,140,140,0,140,140
2022-04-26,131,131,1,132,132
2022-04-27,110,110,0,110,110
2022-04-28,139,139,0,139,139
2022-04-29,108,108,0,108,108
2022-04-30,131,131,0,131,131
2022-05-01,0,0,0,0,0
2022-05-02,0,0,0,0,0
2022-05-03,131,131,0,131,131
2022-05-04,123,123,0,123,123
2022-05-05,135,135,0,135,135
2022-05-06,143,143,2,145,145
2022-05-07,0,0,0,0,0
2022-05-08,0,0,0,0,0
2022-05-09,0,0,0,0,0
2022-05-10,92,92,0,92,92
2022-05-11,71,71,0,71,71
2022-05-12,47,47,0,47,47
2022-05-13,129,129,0,129,129
2022-05-14,145,145,2,147,147
2022-05-15,0,0,0,0,0
2022-05-16,0,0,0,0,0
2022-05-17,141,141,0,141,141
2022-05-18,122,122,0,122,122
2022-05-19,104,104,0,104,104
2022-05-20,130,130,0,130,130
2022-05-21,130,130,0,130,130
2022-05-22,0,0,0,0,0
2022-05-23,0,0,0,0,0
2022-05-24,140,140,0,140,140
2022-05-25,139,139,0,139,139
2022-05-26,126,126,0,126,126
2022-05-27,144,144,0,144,144
2022-05-28,135,135,5,140,140
2022-05-29,0,0,0,0,0
2022-05-30,0,0,0,0,0
2022-05-31,144,144,0,144,144
2022-06-01,0,0,0,0,0
2022-06-02,138,138,2,140,140
2022-06-03,136,136,3,139,139
2022-06-04,142,142,6,148,148
2022-06-05,0,0,0,0,0
2022-06-06,0,0,0,0,0
2022-06-07,138,138,0,138,138
2022-06-08,111,111,7,118,118
2022-06-09,0,0,0,0,0
2022-06-10,133,133,0,133,133
2022-06-11,132,132,5,137,137
2022-06-12,0,0,0,0,0
2022-06-13,0,0,0,0,0
2022-06-14,147,147,3,150,150
2022-06-15,150,150,0,150,150
2022-06-16,142,142,0,142,142
2022-06-17,0,0,0,0,0
2022-06-18,144,144,0,144,144
2022-06-19,0,0,0,0,0
2022-06-20,143,143,0,143,143
2022-06-21,141,141,0,141,141
2022-06-22,132,132,0,132,132
2022-06-23,0,0,0,0,0
2022-06-24,136,136,1,137,137
2022-06-25,143,143,1,144,144
2022-06-26,128,128,0,128,128
2022-06-27,0,0,0,0,0
2022-06-28,0,0,0,0,0
2022-06-29,114,114,0,114,114
2022-06-30,129,129,1,130,130
2022-07-01,113,113,0,113,113
2022-07-02,149,149,1,150,150
2022-07-03,139,139,0,139,139
2022-07-04,141,141,0,141,141
2022-07-05,125,125,0,125,125
2022-07-06,137,137,0,137,137
2022-07-07,148,148,0,148,148
2022-07-08,140,140,1,141,141
2022-07-09,135,135,1,136,136
2022-07-10,138,138,0,138,138
2022-07-11,148,148,0,148,148
2022-07-12,148,148,1,149,149
2022-07-13,144,144,1,145,145
2022-07-14,145,145,0,145,145
2022-07-15,151,151,0,151,151
2022-07-16,145,145,1,146,146
2022-07-17,136,136,2,138,138
2022-07-18,135,135,5,140,140
2022-07-19,143,143,0,143,143
2022-07-20,139,139,0,139,139
2022-07-21,134,134,8,142,142
2022-07-22,148,148,0,148,148
2022-07-23,154,154,0,154,154
2022-07-24,147,147,0,147,147
2022-07-25,142,142,3,145,145
2022-07-26,137,137,0,137,137
2022-07-27,148,148,0,148,148
2022-07-28,117,117,0,117,117
2022-07-29,138,138,2,140,140
2022-07-30,110,110,0,110,110
2022-07-31,112,112,0,112,112
2022-08-01,139,139,0,139,139
2022-08-02,85,85,1,86,86
2022-08-03,104,104,0,104,104
2022-08-04,140,140,1,141,141
2022-08-05,142,142,3,145,145
2022-08-06,145,145,0,145,145
2022-08-07,160,160,0,160,160
2022-08-08,0,0,0,0,0
2022-08-09,151,151,0,151,151
2022-08-10,139,139,0,139,139
2022-08-11,133,133,0,133,133
2022-08-12,144,144,0,144,144
2022-08-13,149,149,0,149,149
2022-08-14,148,148,0,148,148
2022-08-15,153,153,3,156,156
2022-08-16,155,155,0,155,155
2022-08-17,142,142,2,144,144
2022-08-18,150,150,1,151,151
2022-08-19,153,153,0,153,153
2022-08-20,160,160,1,161,161
2022-08-21,140,140,0,140,140
2022-08-22,138,138,0,138,138
2022-08-23,0,0,0,0,0
2022-08-24,151,151,0,151,151
2022-08-25,131,131,0,131,131
2022-08-26,145,145,0,145,145
2022-08-27,90,90,2,92,92
2022-08-28,85,85,0,85,85
2022-08-29,75,75,0,75,75
2022-08-30,115,115,2,117,117
2022-08-31,0,0,0,0,0
2022-09-01,147,147,0,147,147
2022-09-02,108,108,0,108,108
2022-09-03,140,140,0,140,140
2022-09-04,136,136,0,136,136
2022-09-05,149,149,0,149,149
2022-09-06,145,145,0,145,145
2022-09-07,149,149,0,149,149
2022-09-08,122,122,0,122,122
2022-09-09,143,143,0,143,143
2022-09-10,145,145,0,145,145
2022-09-11,141,141,1,142,142
2022-09-12,144,144,3,147,147
2022-09-13,146,146,1,147,147
2022-09-14,143,143,0,143,143
2022-09-15,137,137,0,137,137
2022-09-16,146,146,1,147,147
2022-09-17,135,135,5,140,140
2022-09-18,146,146,3,149,149
2022-09-19,143,143,1,144,144
2022-09-20,152,152,1,153,153
2022-09-21,158,158,0,158,158
2022-09-22,148,148,0,148,148
2022-09-23,158,158,0,158,158
2022-09-24,143,143,2,145,145
2022-09-25,156,156,0,156,156
2022-09-26,154,154,0,154,154
2022-09-27,157,157,0,157,157
2022-09-28,159,159,0,159,159
2022-09-29,152,152,0,152,152
2022-09-30,154,154,1,155,155
2022-10-01,157,157,1,158,158
2022-10-02,153,153,3,156,156
2022-10-03,159,159,0,159,159
2022-10-04,142,142,2,144,144
2022-10-05,140,140,0,140,140
2022-10-06,72,72,0,72,72
2022-10-07,142,142,0,142,142
2022-10-08,140,140,0,140,140
2022-10-09,146,146,0,146,146
2022-10-10,144,144,0,144,144
2022-10-11,152,152,0,152,152
2022-10-12,144,144,0,144,144
2022-10-13,149,149,3,152,152
2022-10-14,142,142,2,144,144
2022-10-15,148,148,0,148,148
2022-10-16,141,141,0,141,141
2022-10-17,152,152,1,153,153
2022-10-18,142,142,0,142,142
2022-10-19,149,149,1,150,150
2022-10-20,146,146,1,147,147
2022-10-21,131,131,0,131,131
2022-10-22,154,154,0,154,154
2022-10-23,151,151,0,151,151
2022-10-24,156,156,0,156,156
2022-10-25,102,102,0,102,102
2022-10-26,0,0,0,0,0
2022-10-27,148,148,0,148,148
2022-10-28,150,150,0,150,150
2022-10-29,148,148,2,150,150
2022-10-30,141,141,6,147,147
2022-10-31,158,158,2,160,160
2022-11-01,159,159,1,160,160
2022-11-02,154,154,0,154,154
2022-11-03,136,136,1,137,137
2022-11-04,141,141,1,142,142
2022-11-05,142,142,3,145,145
2022-11-06,147,147,0,147,147
2022-11-07,143,143,0,143,143
2022-11-08,153,153,0,153,153
2022-11-09,157,157,0,157,157
2022-11-10,158,158,0,158,158
2022-11-11,157,157,0,157,157
2022-11-12,156,156,1,157,157
2022-11-13,156,156,1,157,157
2022-11-14,155,155,1,156,156
2022-11-15,126,126,0,126,126
2022-11-16,135,135,2,137,137
2022-11-17,154,154,1,155,155
2022-11-18,155,155,0,155,155
2022-11-19,156,156,0,156,156
2022-11-20,154,154,0,154,154
2022-11-21,155,155,0,155,155
2022-11-22,159,159,0,159,159
2022-11-23,164,164,1,165,165
2022-11-24,145,145,0,145,145
2022-11-25,147,147,0,147,147
2022-11-26,147,147,0,147,147
2022-11-27,157,157,0,157,157
2022-11-28,143,143,0,143,143
2022-11-29,145,145,1,146,146
2022-11-30,108,108,0,108,108
2022-12-01,155,155,0,155,155
2022-12-02,148,148,0,148,148
2022-12-03,136,136,0,136,136
2022-12-04,141,141,2,143,143
2022-12-05,146,146,0,146,146
2022-12-06,142,142,0,142,142
2022-12-07,124,124,1,125,125
2022-12-08,116,116,0,116,116
2022-12-09,72,72,0,72,72
2022-12-10,134,134,0,134,134
2022-12-11,104,104,0,104,104
2022-12-12,141,141,0,141,141
2022-12-13,147,147,0,147,147
2022-12-14,145,145,0,145,145
2022-12-15,0,0,0,0,0
2022-12-16,151,151,0,151,151
2022-12-17,156,156,3,159,159
2022-12-18,136,136,0,136,136
2022-12-19,153,153,0,153,153
2022-12-20,141,141,0,141,141
2022-12-21,149,149,0,149,149
2022-12-22,148,148,0,148,148
2022-12-23,142,142,1,143,143
2022-12-24,156,156,3,159,159
2022-12-25,0,0,0,0,0
2022-12-26,151,151,0,151,151
2022-12-27,150,150,5,155,155
2022-12-28,154,154,1,155,155
2022-12-29,160,160,1,161,161
2022-12-30,154,154,0,154,154
2022-12-31,153,153,1,154,154
2023-01-01,0,0,0,0,0
2023-01-02,164,164,2,166,166
2023-01-03,152,152,3,155,155
2023-01-04,151,151,0,151,151
2023-01-05,156,156,0,156,156
2023-01-06,0,0,0,0,0
2023-01-07,134,134,0,134,134
2023-01-08,143,143,0,143,143
2023-01-09,146,146,0,146,146
2023-01-10,154,154,0,154,154
2023-01-11,147,147,0,147,147
2023-01-12,153,153,0,153,153
2023-01-13,155,155,1,156,156
2023-01-14,153,153,0,153,153
2023-01-15,140,140,0,140,140
2023-01-16,144,144,0,144,144
2023-01-17,144,144,0,144,144
2023-01-18,0,0,0,0,0
2023-01-19,0,0,0,0,0
2023-01-20,0,0,0,0,0
2023-01-21,158,158,1,159,159
2023-01-22,153,153,1,154,154
2023-01-23,159,159,1,160,160
2023-01-24,115,115,0,115,115
2023-01-25,156,156,0,156,156
2023-01-26,152,152,1,153,153
2023-01-27,145,145,1,146,146
2023-01-28,133,133,1,134,134
2023-01-29,71,71,0,71,71
2023-01-30,129,129,0,129,129
2023-01-31,107,107,0,107,107
2023-02-01,87,87,0,87,87
2023-02-02,139,139,2,141,141
2023-02-03,94,94,1,95,95
2023-02-04,92,92,2,94,94
2023-02-05,85,85,3,88,88
2023-02-06,102,102,1,103,103
2023-02-07,113,113,0,113,113
2023-02-08,102,102,1,103,103
2023-02-09,115,115,0,115,115
2023-02-10,86,86,0,86,86
2023-02-11,145,145,0,145,145
2023-02-12,116,116,0,116,116
2023-02-13,110,110,0,110,110
2023-02-14,128,128,2,130,130
2023-02-15,112,112,1,113,113
2023-02-16,71,71,0,71,71
2023-02-17,93,93,0,93,93
2023-02-18,111,111,0,111,111
2023-02-19,136,136,0,136,136
2023-02-20,102,102,0,102,102
2023-02-21,141,141,0,141,141
2023-02-22,134,134,0,134,134
2023-02-23,150,150,2,152,152
2023-02-24,147,147,1,148,148
2023-02-25,135,135,2,137,137
2023-02-26,118,118,1,119,119
2023-02-27,0,0,0,0,0
2023-02-28,0,0,0,0,0
2023-03-01,0,0,0,0,0
2023-03-02,0,0,0,0,0
2023-03-03,0,0,0,0,0
2023-03-04,143,143,2,145,145
2023-03-05,145,145,0,145,145
2023-03-06,105,105,0,105,105
2023-03-07,106,106,0,106,106
2023-03-08,148,148,3,151,151
2023-03-09,148,148,0,148,148
2023-03-10,144,144,3,147,147
2023-03-11,154,154,2,156,156
2023-03-12,148,148,0,148,148
2023-03-13,155,155,0,155,155
2023-03-14,155,155,0,155,155
2023-03-15,156,156,0,156,156
2023-03-16,156,156,1,157,157
2023-03-17,154,154,3,157,157
2023-03-18,159,159,0,159,159
2023-03-19,106,106,0,106,106
2023-03-20,152,152,2,154,154
2023-03-21,133,133,0,133,133
2023-03-22,139,139,1,140,140
2023-03-23,158,158,4,162,162
2023-03-24,161,161,0,161,161
2023-03-25,148,148,2,150,150
2023-03-26,155,155,0,155,155
2023-03-27,149,149,0,149,149
2023-03-28,146,146,0,146,146
2023-03-29,158,158,0,158,158
2023-03-30,135,135,0,135,135
2023-03-31,155,155,2,157,157
2023-04-01,153,153,1,154,154
2023-04-02,154,154,0,154,154
2023-04-03,150,150,0,150,150
2023-04-04,151,151,2,153,153
2023-04-05,151,151,2,153,153
2023-04-06,153,153,1,154,154
2023-04-07,162,162,0,162,162
2023-04-08,160,160,0,160,160
2023-04-09,153,153,1,154,154
2023-04-10,149,149,2,151,151
2023-04-11,152,152,0,152,152
2023-04-12,145,145,1,146,146
2023-04-13,169,169,0,169,169
2023-04-14,157,157,3,160,160
2023-04-15,146,146,1,147,147
2023-04-16,183,180,0,183,180
2023-04-17,154,154,0,154,154
2023-04-18,161,161,0,161,161
2023-04-19,166,166,0,166,166
2023-04-20,155,155,0,155,155
2023-04-21,141,141,2,143,143
2023-04-22,141,141,1,142,142
2023-04-23,144,144,0,144,144
2023-04-24,98,98,0,98,98
2023-04-25,115,115,0,115,115
2023-04-26,124,124,0,124,124
2023-04-27,97,97,0,97,97
2023-04-28,129,129,1,130,130
2023-04-29,149,149,0,149,149
2023-04-30,149,149,0,149,149
2023-05-01,145,145,0,145,145
2023-05-02,87,87,0,87,87
2023-05-03,138,138,1,139,139
2023-05-04,148,148,5,153,153
2023-05-05,105,105,0,105,105
2023-05-06,136,136,0,136,136
2023-05-07,94,94,0,94,94
2023-05-08,124,124,0,124,124
2023-05-09,102,102,1,103,103
2023-05-10,87,87,2,89,89
2023-05-11,105,105,0,105,105
2023-05-12,95,95,0,95,95
2023-05-13,87,87,0,87,87
2023-05-14,100,100,0,100,100
2023-05-15,105,105,0,105,105
2023-05-16,154,154,0,154,154
2023-05-17,112,112,0,112,112
2023-05-18,128,128,0,128,128
2023-05-19,102,102,0,102,102
2023-05-20,139,139,0,139,139
2023-05-21,130,130,0,130,130
2023-05-22,122,122,0,122,122
2023-05-23,98,98,0,98,98
2023-05-24,106,106,0,106,106
2023-05-25,108,108,0,108,108
2023-05-26,129,129,0,129,129
2023-05-27,141,141,0,141,141
2023-05-28,131,131,0,131,131
2023-05-29,135,135,0,135,135
2023-05-30,113,113,0,113,113
2023-05-31,140,140,0,140,140
2023-06-01,108,108,0,108,108
2023-06-02,117,117,0,117,117
2023-06-03,117,117,0,117,117
2023-06-04,64,64,0,64,64
2023-06-05,112,112,0,112,112
2023-06-06,144,144,1,145,145
2023-06-07,133,133,0,133,133
2023-06-08,51,51,0,51,51
2023-06-09,138,138,0,138,138
2023-06-10,113,113,1,114,114
2023-06-11,123,123,1,124,124
2023-06-12,123,123,1,124,124
2023-06-13,131,131,0,131,131
2023-06-14,0,0,0,0,0
2023-06-15,148,148,0,148,148
2023-06-16,126,126,3,129,129
2023-06-17,64,64,0,64,64
2023-06-18,110,110,0,110,110
2023-06-19,112,112,0,112,112
2023-06-20,138,138,5,143,143
2023-06-21,89,89,2,91,91
2023-06-22,106,106,1,107,107
2023-06-23,135,135,0,135,135
2023-06-24,141,141,0,141,141
2023-06-25,133,133,0,133,133
2023-06-26,141,141,0,141,141
2023-06-27,135,135,0,135,135
2023-06-28,161,161,0,161,161
2023-06-29,160,160,0,160,160
2023-06-30,147,147,0,147,147
2023-07-01,130,130,0,130,130
2023-07-02,136,136,0,136,136
2023-07-03,115,115,0,115,115
2023-07-04,149,149,0,149,149
2023-07-05,162,162,0,162,162
2023-07-06,147,147,0,147,147
2023-07-07,157,157,0,157,157
2023-07-08,148,148,0,148,148
2023-07-09,144,144,1,145,145
2023-07-10,147,147,0,147,147
2023-07-11,150,150,0,150,150
2023-07-12,136,136,0,136,136
2023-07-13,147,147,0,147,147
2023-07-14,139,139,4,143,143
2023-07-15,134,134,0,134,134
2023-07-16,134,134,2,136,136
2023-07-17,143,143,0,143,143
2023-07-18,147,147,1,148,148
2023-07-19,147,147,0,147,147
2023-07-20,143,143,0,143,143
2023-07-21,152,152,0,152,152
2023-07-22,151,151,2,153,153
2023-07-23,154,154,0,154,154
2023-07-24,151,151,0,151,151
2023-07-25,147,147,0,147,147
2023-07-26,90,90,0,90,90
2023-07-27,127,127,0,127,127
2023-07-28,132,132,0,132,132
2023-07-29,152,152,0,152,152
2023-07-30,155,155,1,156,156
2023-07-31,147,147,0,147,147
2023-08-01,144,144,0,144,144
2023-08-02,151,151,0,151,151
2023-08-03,153,153,0,153,153
2023-08-04,140,140,0,140,140
2023-08-05,152,152,0,152,152
2023-08-06,117,117,0,117,117
2023-08-07,142,142,0,142,142
2023-08-08,149,149,0,149,149
2023-08-09,136,136,0,136,136
2023-08-10,143,143,0,143,143
2023-08-11,128,128,0,128,128
2023-08-12,128,128,0,128,128
2023-08-13,131,131,0,131,131
2023-08-14,0,0,0,0,0
2023-08-15,153,153,0,153,153
2023-08-16,152,152,0,152,152
2023-08-17,145,145,0,145,145
2023-08-18,145,145,0,145,145
2023-08-19,152,152,1,153,153
2023-08-20,144,144,0,144,144
2023-08-21,117,117,0,117,117
2023-08-22,128,128,0,128,128
2023-08-23,130,130,0,130,130
2023-08-24,130,130,0,130,130
2023-08-25,124,124,0,124,124
2023-08-26,73,73,1,74,74
2023-08-27,108,108,0,108,108
2023-08-28,124,124,0,124,124
2023-08-29,0,0,0,0,0
2023-08-30,143,143,0,143,143
2023-08-31,127,127,1,128,128
2023-09-01,122,122,1,123,123
2023-09-02,132,132,0,132,132
2023-09-03,122,122,2,124,124
2023-09-04,102,102,0,102,102
2023-09-05,131,131,3,134,134
2023-09-06,149,149,0,149,149
2023-09-07,107,107,0,107,107
2023-09-08,127,127,0,127,127
2023-09-09,121,121,0,121,121
2023-09-10,141,141,0,141,141
2023-09-11,146,146,1,147,147
2023-09-12,114,114,2,116,116
2023-09-13,113,113,0,113,113
2023-09-14,111,111,0,111,111
2023-09-15,138,138,0,138,138
2023-09-16,110,110,1,111,111
2023-09-17,110,110,0,110,110
2023-09-18,151,151,0,151,151
2023-09-19,144,144,1,145,145
2023-09-20,149,149,0,149,149
2023-09-21,163,163,3,166,166
2023-09-22,145,145,1,146,146
2023-09-23,142,142,1,143,143
2023-09-24,117,117,1,118,118
2023-09-25,154,154,0,154,154
2023-09-26,141,141,0,141,141
2023-09-27,144,144,0,144,144
2023-09-28,152,152,0,152,152
2023-09-29,142,142,1,143,143
2023-09-30,145,145,1,146,146
2023-10-01,149,149,0,149,149
2023-10-02,144,144,0,144,144
2023-10-03,158,158,1,159,159
2023-10-04,152,152,0,152,152
2023-10-05,159,159,0,159,159
2023-10-06,153,153,4,157,157
2023-10-07,139,139,0,139,139
2023-10-08,150,150,1,151,151
2023-10-09,105,105,18,123,123
2023-10-10,145,145,2,147,147
2023-10-11,141,141,0,141,141
2023-10-12,133,133,3,136,136
2023-10-13,124,124,1,125,125
2023-10-14,147,147,0,147,147
2023-10-15,139,139,3,142,142
2023-10-16,147,147,0,147,147
2023-10-17,145,145,0,145,145
2023-10-18,0,0,0,0,0
2023-10-19,146,146,2,148,148
2023-10-20,158,158,1,159,159
2023-10-21,157,157,1,158,158
2023-10-22,145,145,0,145,145
2023-10-23,163,163,2,165,165
2023-10-24,155,155,1,156,156
2023-10-25,154,154,4,158,158
2023-10-26,161,161,2,163,163
2023-10-27,164,164,0,164,164
2023-10-28,148,148,1,149,149
2023-10-29,151,151,1,152,152
2023-10-30,148,148,1,149,149
2023-10-31,130,130,1,131,131
2023-11-01,130,130,0,130,130
2023-11-02,148,148,1,149,149
2023-11-03,146,146,3,149,149
2023-11-04,143,143,0,143,143
2023-11-05,159,159,2,161,161
2023-11-06,165,165,0,165,165
2023-11-07,144,144,4,148,148
2023-11-08,154,154,1,155,155
2023-11-09,151,151,0,151,151
2023-11-10,153,153,6,159,159
2023-11-11,158,158,0,158,158
2023-11-12,156,156,2,158,158
2023-11-13,158,158,1,159,159
2023-11-14,155,155,0,155,155
2023-11-15,157,157,3,160,160
2023-11-16,149,149,1,150,150
2023-11-17,160,160,1,161,161
2023-11-18,158,158,1,159,159
2023-11-19,159,159,1,160,160
2023-11-20,161,161,1,162,162
2023-11-21,149,149,0,149,149
2023-11-22,152,152,0,152,152
2023-11-23,157,157,1,158,158
2023-11-24,162,162,1,163,163
2023-11-25,155,155,1,156,156
2023-11-26,152,152,1,153,153
2023-11-27,151,151,2,153,153
2023-11-28,93,93,0,93,93
2023-11-29,159,159,1,160,160
2023-11-30,168,168,0,168,168
2023-12-01,150,150,1,151,151
2023-12-02,148,148,0,148,148
2023-12-03,155,155,2,157,157
2023-12-04,152,152,0,152,152
2023-12-05,152,152,1,153,153
2023-12-06,119,119,1,120,120
2023-12-07,104,104,0,104,104
2023-12-08,134,134,0,134,134
2023-12-09,0,0,0,0,0
2023-12-10,0,0,0,0,0
2023-12-11,0,0,0,0,0
2023-12-12,0,0,0,0,0
2023-12-13,0,0,0,0,0
2023-12-14,0,0,0,0,0
2023-12-15,0,0,0,0,0
2023-12-16,0,0,0,0,0
2023-12-17,0,0,0,0,0
2023-12-18,0,0,0,0,0
2023-12-19,99,99,0,99,99
2023-12-20,82,82,0,82,82
2023-12-21,138,138,0,138,138
2023-12-22,139,139,0,139,139
2023-12-23,126,126,0,126,126
2023-12-24,145,145,0,145,145
2023-12-25,0,0,0,0,0
2023-12-26,0,0,0,0,0
2023-12-27,151,151,3,154,154
2023-12-28,161,161,0,161,161
2023-12-29,161,161,1,162,162
2023-12-30,150,150,0,150,150
2023-12-31,162,162,0,162,162
2024-01-01,0,0,0,0,0
2024-01-02,154,154,0,154,154
2024-01-03,159,159,0,159,159
2024-01-04,164,164,1,165,165
2024-01-05,160,160,0,160,160
2024-01-06,148,148,0,148,148
2024-01-07,164,164,2,166,166
2024-01-08,152,152,0,152,152
2024-01-09,158,158,0,158,158
2024-01-10,124,124,0,124,124
2024-01-11,145,145,0,145,145
2024-01-12,82,82,0,82,82
2024-01-13,86,86,0,86,86
2024-01-14,92,92,0,92,92
2024-01-15,111,111,0,111,111
2024-01-16,104,104,2,106,106
2024-01-17,136,136,0,136,136
2024-01-18,114,114,0,114,114
2024-01-19,99,99,0,99,99
2024-01-20,109,109,0,109,109
2024-01-21,76,76,2,78,78
2024-01-22,121,121,0,121,121
2024-01-23,114,114,0,114,114
2024-01-24,145,145,0,145,145
2024-01-25,0,0,0,0,0
2024-01-26,0,0,0,0,0
2024-01-27,150,150,0,150,150
2024-01-28,139,139,0,139,139
2024-01-29,100,100,1,101,101
2024-01-30,109,109,0,109,109
2024-01-31,78,78,0,78,78
2024-02-01,83,83,1,84,84
2024-02-02,83,83,0,83,83
2024-02-03,106,106,0,106,106
2024-02-04,99,99,0,99,99
2024-02-05,92,92,0,92,92
2024-02-06,100,100,1,101,101
2024-02-07,127,127,0,127,127
2024-02-08,102,102,1,103,103
2024-02-09,107,107,0,107,107
2024-02-10,153,153,1,154,154
2024-02-11,145,145,0,145,145
2024-02-12,115,115,0,115,115
2024-02-13,119,119,3,122,122
2024-02-14,142,142,0,142,142
2024-02-15,127,127,0,127,127
2024-02-16,86,86,0,86,86
2024-02-17,101,101,0,101,101
2024-02-18,141,141,0,141,141
2024-02-19,116,116,0,116,116
2024-02-20,137,137,0,137,137
2024-02-21,136,136,0,136,136
2024-02-22,156,156,0,156,156
2024-02-23,123,123,0,123,123
2024-02-24,141,141,0,141,141
2024-02-25,126,126,1,127,127
2024-02-26,153,153,0,153,153
2024-02-27,114,114,0,114,114
2024-02-28,108,108,0,108,108
2024-02-29,94,94,0,94,94
2024-03-01,133,133,1,134,134
2024-03-02,119,119,0,119,119
2024-03-03,96,96,0,96,96
2024-03-04,98,98,0,98,98
2024-03-05,141,141,0,141,141
2024-03-06,145,145,1,146,146
2024-03-07,144,144,3,147,147
2024-03-08,94,94,1,95,95
2024-03-09,0,0,0,0,0
2024-03-10,4,4,0,4,4
2024-03-11,134,134,0,134,134
2024-03-12,118,118,1,119,119
2024-03-13,138,138,1,139,139
2024-03-14,0,0,0,0,0
2024-03-15,152,152,2,154,154
2024-03-16,0,0,0,0,0
2024-03-17,109,109,0,109,109
2024-03-18,0,0,0,0,0
2024-03-19,0,0,0,0,0
2024-03-20,0,0,0,0,0
2024-03-21,109,109,4,113,113
2024-03-22,0,0,0,0,0
2024-03-23,0,0,0,0,0
2024-03-24,0,0,0,0,0
2024-03-25,0,0,0,0,0
2024-03-26,0,0,0,0,0
2024-03-27,0,0,0,0,0
2024-03-28,0,0,0,0,0
2024-03-29,0,0,0,0,0
2024-03-30,136,136,3,139,139
2024-03-31,0,0,0,0,0
2024-04-01,157,157,0,157,157
2024-04-02,145,145,0,145,145
2024-04-03,148,148,0,148,148
2024-04-04,118,118,0,118,118
2024-04-05,145,145,0,145,145
2024-04-06,122,122,0,122,122
2024-04-07,109,109,0,109,109
2024-04-08,133,133,0,133,133
2024-04-09,105,105,0,105,105
2024-04-10,120,120,0,120,120
2024-04-11,106,106,2,108,108
2024-04-12,106,106,0,106,106
2024-04-13,86,86,0,86,86
2024-04-14,125,125,0,125,125
2024-04-15,84,84,0,84,84
2024-04-16,131,131,0,131,131
2024-04-17,0,0,0,0,0
2024-04-18,102,102,0,102,102
2024-04-19,58,58,0,58,58
2024-04-20,132,132,0,132,132
2024-04-21,104,104,0,104,104
2024-04-22,148,148,0,148,148
2024-04-23,114,114,0,114,114
2024-04-24,85,85,0,85,85
2024-04-25,142,142,1,143,143
2024-04-26,148,148,2,150,150
2024-04-27,146,146,1,147,147
2024-04-28,95,95,1,96,96
2024-04-29,77,77,0,77,77
2024-04-30,117,117,0,117,117
2024-05-01,120,120,0,120,120
2024-05-02,115,115,0,115,115
2024-05-03,99,99,4,103,103
2024-05-04,124,124,0,124,124
2024-05-05,100,100,0,100,100
2024-05-06,143,143,0,143,143
2024-05-07,144,144,3,147,147
2024-05-08,94,94,0,94,94
2024-05-09,132,132,0,132,132
2024-05-10,66,66,0,66,66
2024-05-11,68,68,4,72,72
2024-05-12,107,107,0,107,107
2024-05-13,140,140,2,142,142
2024-05-14,107,107,1,108,108
2024-05-15,0,0,0,0,0
2024-05-16,134,134,0,134,134
2024-05-17,94,94,0,94,94
2024-05-18,127,127,1,128,128
2024-05-19,116,116,0,116,116
2024-05-20,117,117,0,117,117
2024-05-21,146,146,4,150,150
2024-05-22,0,0,0,0,0
2024-05-23,104,104,0,104,104
2024-05-24,104,104,2,106,106
2024-05-25,144,144,2,146,146
2024-05-26,93,93,1,94,94
2024-05-27,108,108,0,108,108
2024-05-28,80,80,0,80,80
2024-05-29,57,57,0,57,57
2024-05-30,72,72,0,72,72
2024-05-31,92,92,0,92,92
2024-06-01,115,115,0,115,115
2024-06-02,111,111,2,113,113
2024-06-03,69,69,0,69,69
2024-06-04,77,77,0,77,77
2024-06-05,111,111,0,111,111
2024-06-06,80,80,0,80,80
2024-06-07,95,95,0,95,95
2024-06-08,146,146,2,148,148
2024-06-09,142,142,0,142,142
2024-06-10,115,115,2,117,117
2024-06-11,116,116,0,116,116
2024-06-12,0,0,0,0,0
2024-06-13,111,111,0,111,111
2024-06-14,84,84,0,84,84
2024-06-15,136,136,0,136,136
2024-06-16,110,110,0,110,110
2024-06-17,127,127,0,127,127
2024-06-18,128,128,0,128,128
2024-06-19,140,140,0,140,140
2024-06-20,129,129,0,129,129
2024-06-21,135,135,2,137,137
2024-06-22,114,114,0,114,114
2024-06-23,124,124,0,124,124
2024-06-24,122,122,0,122,122
2024-06-25,127,127,1,128,128
2024-06-26,103,103,0,103,103
2024-06-27,146,146,0,146,146
2024-06-28,119,119,2,121,121
2024-06-29,138,138,0,138,138
2024-06-30,144,144,1,145,145
2024-07-01,142,142,0,142,142
2024-07-02,148,148,0,148,148
2024-07-03,155,155,0,155,155
2024-07-04,160,160,0,160,160
2024-07-05,113,113,0,113,113
2024-07-06,0,0,0,0,0
2024-07-07,135,135,1,136,136
2024-07-08,145,145,0,145,145
2024-07-09,160,160,0,160,160
2024-07-10,158,158,2,160,160
2024-07-11,156,156,0,156,156
2024-07-12,152,152,0,152,152
2024-07-13,155,155,0,155,155
2024-07-14,159,159,0,159,159
2024-07-15,159,159,0,159,159
2024-07-16,142,142,0,142,142
2024-07-17,148,148,1,149,149
2024-07-18,132,132,0,132,132
2024-07-19,134,134,0,134,134
2024-07-20,146,146,0,146,146
2024-07-21,143,143,1,144,144
2024-07-22,143,143,0,143,143
2024-07-23,119,119,0,119,119
2024-07-24,83,83,0,83,83
2024-07-25,133,133,1,134,134
2024-07-26,134,134,0,134,134
2024-07-27,143,143,4,147,147
2024-07-28,112,112,0,112,112
2024-07-29,78,78,0,78,78
2024-07-30,94,94,0,94,94
2024-07-31,98,98,0,98,98
2024-08-01,110,110,0,110,110
2024-08-02,107,107,1,108,108
2024-08-03,105,105,0,105,105
2024-08-04,126,126,0,126,126
2024-08-05,138,138,1,139,139
2024-08-06,143,143,0,143,143
2024-08-07,144,144,0,144,144
2024-08-08,141,141,0,141,141
2024-08-09,122,122,0,122,122
2024-08-10,150,150,1,151,151
2024-08-11,108,108,2,110,110
2024-08-12,148,148,0,148,148
2024-08-13,150,150,1,151,151
2024-08-14,127,127,0,127,127
2024-08-15,142,142,0,142,142
2024-08-16,120,120,0,120,120
2024-08-17,156,156,2,158,158
2024-08-18,158,158,1,159,159
2024-08-19,147,147,0,147,147
2024-08-20,126,126,0,126,126
2024-08-21,135,135,0,135,135
2024-08-22,145,145,0,145,145
2024-08-23,0,0,0,0,0
2024-08-24,0,0,0,0,0
2024-08-25,0,0,0,0,0
2024-08-26,0,0,0,0,0
2024-08-27,0,0,0,0,0
2024-08-28,0,0,0,0,0
2024-08-29,0,0,0,0,0
2024-08-30,0,0,0,0,0
2024-08-31,0,0,0,0,0
2024-09-01,0,0,0,0,0
2024-09-02,0,0,0,0,0
2024-09-03,0,0,0,0,0
2024-09-04,0,0,0,0,0
2024-09-05,0,0,0,0,0
2024-09-06,0,0,0,0,0
2024-09-07,0,0,0,0,0
2024-09-08,0,0,0,0,0
2024-09-09,0,0,0,0,0
2024-09-10,0,0,0,0,0
2024-09-11,0,0,0,0,0
2024-09-12,0,0,0,0,0
2024-09-13,0,0,0,0,0
2024-09-14,173,173,0,173,173
2024-09-15,143,143,0,143,143
2024-09-16,144,144,0,144,144
2024-09-17,121,121,0,121,121
2024-09-18,125,125,0,125,125
2024-09-19,142,142,0,142,142
2024-09-20,148,148,0,148,148
2024-09-21,137,137,0,137,137
2024-09-22,158,158,1,159,159
2024-09-23,147,147,0,147,147
2024-09-24,120,120,0,120,120
2024-09-25,150,150,0,150,150
2024-09-26,120,120,2,122,122
2024-09-27,156,156,0,156,156
2024-09-28,145,145,1,146,146
2024-09-29,146,146,2,148,148
2024-09-30,153,153,0,153,153
2024-10-01,130,130,0,130,130
2024-10-02,131,131,2,133,133
2024-10-03,111,111,0,111,111
2024-10-04,146,146,0,146,146
2024-10-05,153,153,0,153,153
2024-10-06,153,153,1,154,154
2024-10-07,160,160,0,160,160
2024-10-08,158,158,1,159,159
2024-10-09,153,153,0,153,153
2024-10-10,129,129,3,132,132
2024-10-11,148,148,0,148,148
2024-10-12,157,157,0,157,157
2024-10-13,124,124,0,124,124
2024-10-14,123,123,0,123,123
2024-10-15,113,113,2,115,115
2024-10-16,111,111,0,111,111
2024-10-17,149,149,0,149,149
2024-10-18,146,146,3,149,149
2024-10-19,125,125,0,125,125
2024-10-20,147,147,0,147,147
2024-10-21,152,152,3,155,155
2024-10-22,137,137,0,137,137
2024-10-23,150,150,2,152,152
2024-10-24,150,150,0,150,150
2024-10-25,150,150,0,150,150
2024-10-26,157,157,0,157,157
2024-10-27,144,144,0,144,144
2024-10-28,149,149,0,149,149
2024-10-29,151,151,0,151,151
2024-10-30,114,114,0,114,114
2024-10-31,120,120,0,120,120
2024-11-01,136,136,0,136,136
2024-11-02,131,131,2,133,133
2024-11-03,115,115,0,115,115
2024-11-04,120,120,0,120,120
2024-11-05,93,93,0,93,93
2024-11-06,149,149,0,149,149
2024-11-07,134,134,0,134,134
2024-11-08,144,144,3,147,147
2024-11-09,139,139,5,144,144
2024-11-10,145,145,0,145,145
2024-11-11,132,132,0,132,132
2024-11-12,141,141,1,142,142
2024-11-13,131,131,7,138,138
2024-11-14,142,142,0,142,142
2024-11-15,119,119,0,119,119
2024-11-16,148,148,0,148,148
2024-11-17,151,151,0,151,151
2024-11-18,140,140,4,144,144
2024-11-19,157,157,3,160,160
2024-11-20,118,118,0,118,118
2024-11-21,147,147,1,148,148
2024-11-22,150,150,0,150,150
2024-11-23,145,145,0,145,145
2024-11-24,149,149,2,151,151
2024-11-25,135,135,0,135,135
2024-11-26,149,149,0,149,149
2024-11-27,141,141,0,141,141
2024-11-28,141,141,1,142,142
2024-11-29,133,133,0,133,133
2024-11-30,129,129,0,129,129
2024-12-01,127,127,0,127,127
2024-12-02,106,106,1,107,107
2024-12-03,112,112,0,112,112
2024-12-04,111,111,0,111,111
2024-12-05,142,142,2,144,144
2024-12-06,80,80,0,80,80
2024-12-07,108,108,0,108,108
2024-12-08,128,128,0,128,128
2024-12-09,118,118,1,119,119
2024-12-10,146,146,1,147,147
2024-12-11,135,135,1,136,136
2024-12-12,102,102,0,102,102
2024-12-13,132,132,0,132,132
2024-12-14,106,106,1,107,107
2024-12-15,133,133,4,137,137
2024-12-16,86,86,0,86,86
2024-12-17,0,0,0,0,0
2024-12-18,0,0,0,0,0
2024-12-19,155,155,0,155,155
2024-12-20,131,131,0,131,131
2024-12-21,144,144,0,144,144
2024-12-22,158,158,2,160,160
2024-12-23,148,148,0,148,148
2024-12-24,159,159,0,159,159
2024-12-25,0,0,0,0,0
2024-12-26,155,155,1,156,156
2024-12-27,156,156,0,156,156
2024-12-28,157,157,0,157,157
2024-12-29,153,153,1,154,154
2024-12-30,151,151,0,151,151
2024-12-31,160,160,0,160,160
2025-01-01,0,0,0,0,0
2025-01-02,144,144,0,144,144
2025-01-03,154,154,0,154,154
2025-01-04,153,153,0,153,153
2025-01-05,157,157,0,157,157
2025-01-06,158,158,0,158,158
2025-01-07,151,151,0,151,151
2025-01-08,159,159,0,159,159
2025-01-09,147,147,1,148,148
2025-01-10,164,164,1,165,165
2025-01-11,159,159,1,160,160
2025-01-12,157,157,2,159,159
2025-01-13,140,140,0,140,140
2025-01-14,160,160,0,160,160
2025-01-15,164,164,0,164,164
2025-01-16,143,143,0,143,143
2025-01-17,108,108,2,110,110
2025-01-18,141,141,0,141,141
2025-01-19,147,147,0,147,147
2025-01-20,144,144,0,144,144
2025-01-21,139,139,0,139,139
2025-01-22,138,138,2,140,140
2025-01-23,165,165,0,165,165
2025-01-24,128,128,0,128,128
2025-01-25,138,138,0,138,138
2025-01-26,150,150,0,150,150
2025-01-27,136,136,1,137,137
2025-01-28,115,115,0,115,115
2025-01-29,0,0,0,0,0
2025-01-30,134,134,0,134,134
2025-01-31,140,140,0,140,140
2025-02-01,104,104,0,104,104
2025-02-02,0,0,0,0,0
2025-02-03,102,102,1,103,103
2025-02-04,102,102,0,102,102
2025-02-05,0,0,0,0,0
2025-02-06,77,77,1,78,78
2025-02-07,76,76,2,78,78
2025-02-08,127,127,2,129,129
2025-02-09,78,78,0,78,78
2025-02-10,108,108,0,108,108
2025-02-11,110,110,0,110,110
2025-02-12,60,60,0,60,60
2025-02-13,129,129,0,129,129
2025-02-14,0,0,0,0,0
2025-02-15,137,137,1,138,138
2025-02-16,98,98,0,98,98
2025-02-17,120,120,0,120,120
2025-02-18,111,111,0,111,111
2025-02-19,58,58,0,58,58
2025-02-20,131,131,0,131,131
2025-02-21,136,136,0,136,136
2025-02-22,0,0,0,0,0
2025-02-23,125,125,0,125,125
2025-02-24,122,122,0,122,122
2025-02-25,124,124,0,124,124
2025-02-26,118,118,0,118,118
2025-02-27,150,150,0,150,150
2025-02-28,124,124,0,124,124
2025-03-01,91,91,0,91,91
2025-03-02,107,107,0,107,107
2025-03-03,121,121,0,121,121
2025-03-04,151,151,0,151,151
2025-03-05,109,109,1,110,110
2025-03-06,0,0,0,0,0
2025-03-07,151,151,0,151,151
2025-03-08,153,153,1,154,154
2025-03-09,147,147,0,147,147
2025-03-10,105,105,1,106,106
2025-03-11,153,153,0,153,153
2025-03-12,145,145,0,145,145
2025-03-13,138,138,0,138,138
2025-03-14,117,117,0,117,117
2025-03-15,145,145,1,146,146
2025-03-16,80,80,0,80,80
2025-03-17,97,97,0,97,97
2025-03-18,111,111,1,112,112
2025-03-19,95,95,0,95,95
2025-03-20,139,139,0,139,139
2025-03-21,113,113,0,113,113
2025-03-22,136,136,1,137,137
2025-03-23,92,92,0,92,92
2025-03-24,76,76,0,76,76
2025-03-25,93,93,1,94,94
2025-03-26,114,114,0,114,114
2025-03-27,107,107,0,107,107
2025-03-28,150,150,0,150,150
2025-03-29,123,123,0,123,123
2025-03-30,144,144,0,144,144
2025-03-31,112,112,0,112,112
2025-04-01,112,112,0,112,112
2025-04-02,0,0,0,0,0
2025-04-03,0,0,0,0,0
2025-04-04,140,140,0,140,140
2025-04-05,125,125,0,125,125
2025-04-06,133,133,1,134,134
2025-04-07,131,131,0,131,131
2025-04-08,151,151,0,151,151
2025-04-09,142,142,1,143,143
2025-04-10,125,125,0,125,125
2025-04-11,124,124,0,124,124
2025-04-12,114,114,1,115,115
2025-04-13,158,158,0,158,158
2025-04-14,154,154,0,154,154
2025-04-15,145,145,1,146,146
2025-04-16,163,163,0,163,163
2025-04-17,156,156,0,156,156
2025-04-18,158,158,0,158,158
2025-04-19,156,156,0,156,156
2025-04-20,152,152,1,153,153
2025-04-21,158,158,2,160,160
2025-04-22,159,159,0,159,159
2025-04-23,157,157,0,157,157
2025-04-24,161,161,0,161,161
2025-04-25,152,152,3,155,155
2025-04-26,151,151,2,153,153
2025-04-27,155,155,1,156,156
2025-04-28,161,161,0,161,161
2025-04-29,100,100,0,100,100
2025-04-30,112,112,0,112,112
2025-05-01,146,146,0,146,146
2025-05-02,82,82,0,82,82
2025-05-03,118,118,1,119,119
2025-05-04,98,98,0,98,98
2025-05-05,0,0,0,0,0
2025-05-06,150,150,0,150,150
2025-05-07,112,112,0,112,112
2025-05-08,0,0,0,0,0
2025-05-09,138,138,0,138,138
2025-05-10,120,120,0,120,120
2025-05-11,0,0,0,0,0
2025-05-12,136,136,3,139,139
2025-05-13,94,94,0,94,94
2025-05-14,143,143,1,144,144
2025-05-15,0,0,0,0,0
2025-05-16,131,131,0,131,131
2025-05-17,116,116,0,116,116
2025-05-18,95,95,0,95,95
2025-05-19,120,120,0,120,120
2025-05-20,0,0,0,0,0
2025-05-21,148,148,0,148,148
2025-05-22,143,143,2,145,145
2025-05-23,99,99,0,99,99
2025-05-24,101,101,0,101,101
2025-05-25,87,87,0,87,87
2025-05-26,111,111,1,112,112
2025-05-27,116,116,0,116,116
2025-05-28,137,137,0,137,137
2025-05-29,104,104,0,104,104
2025-05-30,111,111,1,112,112
2025-05-31,121,121,0,121,121
2025-06-01,71,71,0,71,71
2025-06-02,110,110,0,110,110
2025-06-03,133,133,0,133,133
2025-06-04,113,113,2,115,115
2025-06-05,105,105,0,105,105
2025-06-06,119,119,0,119,119
2025-06-07,158,158,0,158,158
2025-06-08,158,158,0,158,158
2025-06-09,118,118,1,119,119
2025-06-10,123,123,0,123,123
2025-06-11,120,120,0,120,120
2025-06-12,0,0,0,0,0
2025-06-13,0,0,0,0,0
2025-06-14,135,135,1,136,136
2025-06-15,107,107,0,107,107
2025-06-16,85,85,0,85,85
2025-06-17,0,0,0,0,0
2025-06-18,142,142,0,142,142
2025-06-19,133,133,0,133,133
2025-06-20,119,119,0,119,119
2025-06-21,121,121,0,121,121
2025-06-22,108,108,3,111,111
2025-06-23,148,148,0,148,148
2025-06-24,121,121,0,121,121
2025-06-25,147,147,0,147,147
2025-06-26,145,145,0,145,145
2025-06-27,145,145,0,145,145
2025-06-28,148,148,2,150,150
2025-06-29,118,118,2,120,120
2025-06-30,118,118,0,118,118
2025-07-01,146,146,2,148,148
2025-07-02,145,145,0,145,145
2025-07-03,152,152,0,152,152
2025-07-04,162,162,0,162,162
2025-07-05,155,155,0,155,155
2025-07-06,139,139,1,140,140
2025-07-07,155,155,0,155,155
2025-07-08,154,154,1,155,155
2025-07-09,162,162,0,162,162
2025-07-10,160,160,0,160,160
2025-07-11,160,160,1,161,161
2025-07-12,136,136,0,136,136
2025-07-13,158,158,0,158,158
2025-07-14,162,162,0,162,162
2025-07-15,159,159,2,161,161
2025-07-16,162,162,0,162,162
2025-07-17,156,156,0,156,156
2025-07-18,158,158,0,158,158
2025-07-19,157,157,1,158,158
2025-07-20,160,160,0,160,160
2025-07-21,150,150,5,155,155
2025-07-22,0,0,0,0,0
2025-07-23,136,136,0,136,136
2025-07-24,136,136,0,136,136
2025-07-25,156,156,2,158,158
2025-07-26,160,160,0,160,160
2025-07-27,152,152,0,152,152
2025-07-28,160,160,0,160,160
2025-07-29,160,160,0,160,160
2025-07-30,0,0,0,0,0
2025-07-31,154,154,1,155,155
2025-08-01,99,99,0,99,99
2025-08-02,149,149,0,149,149
2025-08-03,155,155,0,155,155
2025-08-04,151,151,0,151,151
2025-08-05,140,140,0,140,140
2025-08-06,131,131,0,131,131
2025-08-07,140,140,0,140,140
2025-08-08,147,147,0,147,147
2025-08-09,145,145,4,149,149
2025-08-10,130,130,0,130,130
2025-08-11,145,145,1,146,146
2025-08-12,124,124,2,126,126
2025-08-13,143,143,2,145,145
2025-08-14,145,145,0,145,145
2025-08-15,150,150,0,150,150
2025-08-16,142,142,2,144,144
2025-08-17,139,139,1,140,140
2025-08-18,148,148,0,148,148
2025-08-19,161,161,0,161,161
2025-08-20,141,141,0,141,141
2025-08-21,161,161,0,161,161
2025-08-22,0,0,0,0,0
2025-08-23,0,0,0,0,0
2025-08-24,0,0,0,0,0
2025-08-25,0,0,0,0,0
2025-08-26,0,0,0,0,0
2025-08-27,0,0,0,0,0
2025-08-28,0,0,0,0,0
2025-08-29,0,0,0,0,0
2025-08-30,0,0,0,0,0
2025-08-31,0,0,0,0,0
2025-09-01,0,0,0,0,0
2025-09-02,0,0,0,0,0
2025-09-03,0,0,0,0,0
2025-09-04,0,0,0,0,0
2025-09-05,0,0,0,0,0
2025-09-06,0,0,0,0,0
2025-09-07,0,0,0,0,0
2025-09-08,0,0,0,0,0
2025-09-09,0,0,0,0,0
2025-09-10,0,0,0,0,0
2025-09-11,0,0,0,0,0
2025-09-12,0,0,0,0,0
2025-09-13,0,0,0,0,0
2025-09-14,0,0,0,0,0
2025-09-15,0,0,0,0,0
2025-09-16,0,0,0,0,0
2025-09-17,0,0,0,0,0
2025-09-18,0,0,0,0,0
2025-09-19,0,0,0,0,0
2025-09-20,0,0,0,0,0
2025-09-21,0,0,0,0,0
2025-09-22,0,0,0,0,0
2025-09-23,0,0,0,0,0
2025-09-24,0,0,0,0,0
2025-09-25,0,0,0,0,0
2025-09-26,0,0,0,0,0
2025-09-27,0,0,0,0,0
2025-09-28,0,0,0,0,0
2025-09-29,140,140,0,140,140
2025-09-30,138,138,0,138,138
2025-10-01,147,147,0,147,147
2025-10-02,150,150,0,150,150
2025-10-03,153,153,0,153,153
2025-10-04,154,154,0,154,154
2025-10-05,148,148,0,148,148
2025-10-06,150,150,0,150,150
2025-10-07,136,136,0,136,136
2025-10-08,138,138,0,138,138
2025-10-09,119,119,0,119,119
2025-10-10,144,144,0,144,144
2025-10-11,140,140,0,140,140
2025-10-12,142,142,0,142,142
2025-10-13,141,141,0,141,141
2025-10-14,95,95,0,95,95
2025-10-15,78,78,0,78,78
2025-10-16,78,78,0,78,78
2025-10-17,94,94,1,95,95
2025-10-18,146,146,0,146,146
2025-10-19,124,124,0,124,124
2025-10-20,130,130,0,130,130
2025-10-21,109,109,0,109,109
2025-10-22,142,142,0,142,142
2025-10-23,102,102,0,102,102
2025-10-24,147,147,0,147,147
2025-10-25,146,146,0,146,146
2025-10-26,137,137,0,137,137
2025-10-27,145,145,0,145,145
2025-10-28,70,70,0,70,70
2025-10-29,73,73,0,73,73
2025-10-30,157,157,0,157,157
2025-10-31,160,160,0,160,160
2025-11-01,129,129,0,129,129
2025-11-02,122,122,0,122,122
2025-11-03,119,119,0,119,119
2025-11-04,126,126,0,126,126
2025-11-05,121,121,0,121,121
2025-11-06,122,122,0,122,122
2025-11-07,127,127,0,127,127
2025-11-08,132,132,0,132,132
2025-11-09,113,113,0,113,113
2025-11-10,140,140,0,140,140
2025-11-11,98,98,0,98,98
2025-11-12,117,117,0,117,117
2025-11-13,128,128,0,128,128
2025-11-14,101,101,0,101,101
2025-11-15,146,146,0,146,146
2025-11-16,152,152,2,154,154
2025-11-17,127,127,0,127,127
2025-11-18,127,127,0,127,127
2025-11-19,155,155,0,155,155
2025-11-20,138,138,0,138,138
2025-11-21,149,149,0,149,149
2025-11-22,149,149,0,149,149
2025-11-23,145,145,0,145,145
2025-11-24,147,147,0,147,147
2025-11-25,142,142,1,143,143
2025-11-26,146,146,0,146,146
2025-11-27,121,121,0,121,121
2025-11-28,123,123,0,123,123
2025-11-29,115,115,0,115,115
2025-11-30,148,148,2,150,150
2025-12-01,152,152,3,155,155
2025-12-02,136,136,0,136,136
2025-12-03,86,86,0,86,86
2025-12-04,0,0,0,0,0
2025-12-05,134,134,0,134,134
2025-12-06,134,134,0,134,134
2025-12-07,94,94,0,94,94
2025-12-08,94,94,0,94,94
2025-12-09,128,128,0,128,128
2025-12-10,108,108,1,109,109
2025-12-11,112,112,0,112,112
2025-12-12,102,102,0,102,102
2025-12-13,131,131,1,132,132
2025-12-14,129,129,0,129,129
2025-12-15,108,108,0,108,108
2025-12-16,141,141,0,141,141
2025-12-17,123,123,0,123,123
2025-12-18,100,100,0,100,100
2025-12-19,158,158,0,158,158
2025-12-20,159,159,0,159,159
2025-12-21,145,145,0,145,145
2025-12-22,160,160,0,160,160
2025-12-23,154,154,0,154,154
2025-12-24,152,152,0,152,152
2025-12-25,0,0,0,0,0
2025-12-26,155,155,0,155,155
2025-12-27,142,142,0,142,142
2025-12-28,160,160,0,160,160
2025-12-29,144,144,0,144,144
2025-12-30,0,0,0,0,0
2025-12-31,141,141,0,141,141
2026-01-01,0,0,0,0,0
2026-01-02,154,154,0,154,154
2026-01-03,141,141,0,141,141
2026-01-04,156,156,0,156,156
2026-01-05,97,97,0,97,97
2026-01-06,156,156,0,156,156
2026-01-07,142,142,0,142,142
2026-01-08,0,0,0,0,0
2026-01-09,0,0,0,0,0
2026-01-10,0,0,0,0,0
2026-01-11,0,0,0,0,0
2026-01-12,156,156,0,156,156
2026-01-13,142,142,0,142,142
2026-01-14,154,154,0,154,154
2026-01-15,140,140,0,140,140
2026-01-16,107,107,6,113,113
2026-01-17,153,153,0,153,153
2026-01-18,101,101,0,101,101
2026-01-19,110,110,0,110,110
2026-01-20,116,116,0,116,116
2026-01-21,124,124,0,124,124
2026-01-22,112,112,0,112,112
2026-01-23,148,148,6,154,154
2026-01-24,127,127,0,127,127
2026-01-25,93,93,0,93,93
2026-01-26,86,86,0,86,86
2026-01-27,75,75,0,75,75
2026-01-28,65,65,0,65,65
2026-01-29,117,117,0,117,117
2026-01-30,146,146,0,146,146
2026-01-31,152,152,1,153,153
2026-02-01,101,101,0,101,101
2026-02-02,124,124,0,124,124
2026-02-03,95,95,0,95,95
2026-02-04,72,72,0,72,72
2026-02-05,99,99,0,99,99
2026-02-06,100,100,0,100,100
2026-02-07,111,111,0,111,111
2026-02-08,92,92,0,92,92
2026-02-09,149,149,0,149,149
2026-02-10,123,123,2,125,125
2026-02-11,128,128,0,128,128
2026-02-12,93,93,0,93,93
2026-02-13,123,123,1,124,124
2026-02-14,142,142,0,142,142
2026-02-15,108,108,0,108,108
2026-02-16,92,92,1,93,93
2026-02-17,151,151,0,151,151
2026-02-18,87,87,0,87,87
2026-02-19,127,127,0,127,127
2026-02-20,102,102,0,102,102
2026-02-21,100,100,0,100,100
2026-02-22,105,105,0,105,105
2026-02-23,0,0,0,0,0
2026-02-24,120,120,0,120,120
2026-02-25,101,101,0,101,101
2026-02-26,80,80,1,81,81
2026-02-27,105,105,0,105,105
2026-02-28,101,101,0,101,101
2026-03-01,147,147,0,147,147
2026-03-02,105,105,0,105,105
2026-03-03,106,106,0,106,106
2026-03-04,105,105,0,105,105
2026-03-05,0,0,0,0,0
2026-03-06,0,0,0,0,0
2026-03-07,0,0,0,0,0
2026-03-08,143,143,0,143,143
2026-03-09,125,125,0,125,125
2026-03-10,106,106,1,107,107
2026-03-11,96,96,0,96,96
2026-03-12,84,84,1,85,85
2026-03-13,71,71,0,71,71
2026-03-14,62,62,0,62,62
2026-03-15,90,90,0,90,90
2026-03-16,90,90,0,90,90
2026-03-17,107,107,0,107,107
2026-03-18,113,113,0,113,113
2026-03-19,0,0,0,0,0
2026-03-20,0,0,0,0,0
2026-03-21,114,114,0,114,114
2026-03-22,65,65,0,65,65
2026-03-23,91,91,0,91,91
2026-03-24,151,151,2,153,153
2026-03-25,69,69,0,69,69
2026-03-26,119,119,0,119,119
2026-03-27,100,100,1,101,101
2026-03-28,115,115,0,115,115
2026-03-29,73,73,0,73,73
2026-03-30,86,86,0,86,86
2026-03-31,87,87,0,87,87
2026-04-01,91,91,0,91,91
2026-04-02,133,133,0,133,133
2026-04-03,152,152,0,152,152
2026-04-04,151,151,0,151,151
2026-04-05,151,151,0,151,151
2026-04-06,146,146,0,146,146
2026-04-07,143,143,0,143,143
2026-04-08,141,141,0,141,141
2026-04-09,147,147,0,147,147
2026-04-10,143,143,0,143,143
2026-04-11,137,137,0,137,137
2026-04-12,135,135,0,135,135
2026-04-13,117,117,0,117,117
2026-04-14,0,0,0,0,0
2026-04-15,119,119,0,119,119
2026-04-16,88,88,0,88,88
2026-04-17,72,72,0,72,72
2026-04-18,152,152,0,152,152
2026-04-19,110,110,0,110,110
2026-04-20,53,53,0,53,53
2026-04-21,81,81,0,81,81
2026-04-22,73,73,0,73,73
2026-04-23,124,124,0,124,124
2026-04-24,72,72,0,72,72
2026-04-25,115,115,0,115,115
2026-04-26,106,106,0,106,106
2026-04-27,149,149,0,149,149
2026-04-28,100,100,0,100,100
2026-04-29,104,104,1,105,105
2026-04-30,88,88,0,88,88
2026-05-01,89,89,0,89,89
2026-05-02,135,135,0,135,135
2026-05-03,146,146,0,146,146
2026-05-04,146,146,0,146,146
2026-05-05,109,109,0,109,109
2026-05-06,106,106,0,106,106
2026-05-07,106,106,0,106,106
2026-05-08,100,100,0,100,100
2026-05-09,144,144,0,144,144
2026-05-10,83,83,0,83,83
2026-05-11,136,136,0,136,136
2026-05-12,68,68,0,68,68
2026-05-13,80,80,0,80,80
2026-05-14,0,0,0,0,0
2026-05-15,100,100,0,100,100
2026-05-16,111,111,0,111,111
2026-05-17,80,80,0,80,80
2026-05-18,135,135,0,135,135
2026-05-19,149,149,0,149,149
2026-05-20,133,133,0,133,133
2026-05-21,129,129,0,129,129
2026-05-22,111,111,0,111,111
2026-05-23,153,153,0,153,153
2026-05-24,132,132,0,132,132
2026-05-25,146,146,0,146,146
2026-05-26,137,137,0,137,137
2026-05-27,144,144,0,144,144
2026-05-28,113,113,0,113,113
2026-05-29,107,107,1,108,108
2026-05-30,138,138,0,138,138
2026-05-31,137,137,0,137,137
